County;Type Number;FIPS;Type Number;;Key;New Names
Autauga AL;1;01001;1;;1;Exurbs
Elmore AL;1;01051;1;;2;Graying America
Limestone AL;1;01083;1;;3;African American South
St. Clair AL;1;01115;1;;4;Evangelical Hubs
Shelby AL;1;01117;1;;5;Working Class Country
Benton AR;1;05007;1;;6;Military Posts
Lonoke AR;1;05085;1;;7;Urban Suburbs
Saline AR;1;05125;1;;8;Hispanic Centers
El Dorado CA;1;06017;1;;9;Native American Lands
Nevada CA;1;06057;1;;10;Rural Middle America
Placer CA;1;06061;1;;11;College Towns
Yuba CA;1;06115;1;;12;LDS Enclaves
Adams CO;1;08001;1;;13;Aging Farmlands
Douglas CO;1;08035;1;;14;Big Cities
Elbert CO;1;08039;1;;15;Middle Suburbs
Garfield CO;1;08045;1;;;
Jefferson CO;1;08059;1;;;
Mesa CO;1;08077;1;;;
Weld CO;1;08123;1;;;
Litchfield CT;1;09005;1;;;
Middlesex CT;1;09007;1;;;
Clay FL;1;12019;1;;;
Nassau FL;1;12089;1;;;
St. Johns FL;1;12109;1;;;
Santa Rosa FL;1;12113;1;;;
Wakulla FL;1;12129;1;;;
Barrow GA;1;13013;1;;;
Bartow GA;1;13015;1;;;
Catoosa GA;1;13047;1;;;
Cherokee GA;1;13057;1;;;
Coweta GA;1;13077;1;;;
Dawson GA;1;13085;1;;;
Douglas GA;1;13097;1;;;
Effingham GA;1;13103;1;;;
Fayette GA;1;13113;1;;;
Forsyth GA;1;13117;1;;;
Harris GA;1;13145;1;;;
Henry GA;1;13151;1;;;
Jackson GA;1;13157;1;;;
Lee GA;1;13177;1;;;
Lumpkin GA;1;13187;1;;;
Newton GA;1;13217;1;;;
Oconee GA;1;13219;1;;;
Paulding GA;1;13223;1;;;
Pickens GA;1;13227;1;;;
Pike GA;1;13231;1;;;
Rockdale GA;1;13247;1;;;
Walton GA;1;13297;1;;;
Ada ID;1;16001;1;;;
Canyon ID;1;16027;1;;;
Gem ID;1;16045;1;;;
Kootenai ID;1;16055;1;;;
Payette ID;1;16075;1;;;
Twin Falls ID;1;16083;1;;;
Boone IL;1;17007;1;;;
Grundy IL;1;17063;1;;;
Kane IL;1;17089;1;;;
Kendall IL;1;17093;1;;;
Lake IL;1;17097;1;;;
McHenry IL;1;17111;1;;;
Will IL;1;17197;1;;;
Hamilton IN;1;18057;1;;;
Hancock IN;1;18059;1;;;
Hendricks IN;1;18063;1;;;
Johnson IN;1;18081;1;;;
Dallas IA;1;19049;1;;;
Polk IA;1;19153;1;;;
Johnson KS;1;20091;1;;;
Anderson KY;1;21005;1;;;
Boone KY;1;21015;1;;;
Bullitt KY;1;21029;1;;;
Grant KY;1;21081;1;;;
Jessamine KY;1;21113;1;;;
Nelson KY;1;21179;1;;;
Oldham KY;1;21185;1;;;
Scott KY;1;21209;1;;;
Shelby KY;1;21211;1;;;
Spencer KY;1;21215;1;;;
Ascension Parish LA;1;22005;1;;;
Cameron Parish LA;1;22023;1;;;
Livingston Parish LA;1;22063;1;;;
Plaquemines Parish LA;1;22075;1;;;
St. Tammany Parish LA;1;22103;1;;;
Anne Arundel MD;1;24003;1;;;
Caroline MD;1;24011;1;;;
Carroll MD;1;24013;1;;;
Cecil MD;1;24015;1;;;
Frederick MD;1;24021;1;;;
Harford MD;1;24025;1;;;
Queen Annes MD;1;24035;1;;;
Talbot MD;1;24041;1;;;
Plymouth MA;1;25023;1;;;
Clinton MI;1;26037;1;;;
Anoka MN;1;27003;1;;;
Carver MN;1;27019;1;;;
Chisago MN;1;27025;1;;;
Dakota MN;1;27037;1;;;
Isanti MN;1;27059;1;;;
Mille Lacs MN;1;27095;1;;;
Olmsted MN;1;27109;1;;;
Scott MN;1;27139;1;;;
Sherburne MN;1;27141;1;;;
Washington MN;1;27163;1;;;
Wright MN;1;27171;1;;;
DeSoto MS;1;28033;1;;;
Hancock MS;1;28045;1;;;
Lamar MS;1;28073;1;;;
Rankin MS;1;28121;1;;;
Callaway MO;1;29027;1;;;
Cass MO;1;29037;1;;;
Christian MO;1;29043;1;;;
Clay MO;1;29047;1;;;
Clinton MO;1;29049;1;;;
Jefferson MO;1;29099;1;;;
Lincoln MO;1;29113;1;;;
Platte MO;1;29165;1;;;
St. Charles MO;1;29183;1;;;
Warren MO;1;29219;1;;;
Webster MO;1;29225;1;;;
Jefferson MT;1;30043;1;;;
Churchill NV;1;32001;1;;;
Douglas NV;1;32005;1;;;
Lyon NV;1;32019;1;;;
Storey NV;1;32029;1;;;
Hillsborough NH;1;33011;1;;;
Merrimack NH;1;33013;1;;;
Rockingham NH;1;33015;1;;;
Burlington NJ;1;34005;1;;;
Gloucester NJ;1;34015;1;;;
Hunterdon NJ;1;34019;1;;;
Salem NJ;1;34033;1;;;
Sussex NJ;1;34037;1;;;
Warren NJ;1;34041;1;;;
Sandoval NM;1;35043;1;;;
Saratoga NY;1;36091;1;;;
Cabarrus NC;1;37025;1;;;
Camden NC;1;37029;1;;;
Chatham NC;1;37037;1;;;
Currituck NC;1;37053;1;;;
Iredell NC;1;37097;1;;;
Johnston NC;1;37101;1;;;
Lincoln NC;1;37109;1;;;
Union NC;1;37179;1;;;
Delaware OH;1;39041;1;;;
Union OH;1;39159;1;;;
Warren OH;1;39165;1;;;
Canadian OK;1;40017;1;;;
Logan OK;1;40083;1;;;
Rogers OK;1;40131;1;;;
Wagoner OK;1;40145;1;;;
Clackamas OR;1;41005;1;;;
Yamhill OR;1;41071;1;;;
Bucks PA;1;42017;1;;;
Chester PA;1;42029;1;;;
Monroe PA;1;42089;1;;;
Pike PA;1;42103;1;;;
Lexington SC;1;45063;1;;;
York SC;1;45091;1;;;
Custer SD;1;46033;1;;;
Lincoln SD;1;46083;1;;;
Blount TN;1;47009;1;;;
Cheatham TN;1;47021;1;;;
Dickson TN;1;47043;1;;;
Fayette TN;1;47047;1;;;
Robertson TN;1;47147;1;;;
Rutherford TN;1;47149;1;;;
Sumner TN;1;47165;1;;;
Tipton TN;1;47167;1;;;
Williamson TN;1;47187;1;;;
Wilson TN;1;47189;1;;;
Bastrop TX;1;48021;1;;;
Brazoria TX;1;48039;1;;;
Chambers TX;1;48071;1;;;
Collin TX;1;48085;1;;;
Comal TX;1;48091;1;;;
Denton TX;1;48121;1;;;
Ellis TX;1;48139;1;;;
Fort Bend TX;1;48157;1;;;
Galveston TX;1;48167;1;;;
Guadalupe TX;1;48187;1;;;
Hays TX;1;48209;1;;;
Johnson TX;1;48251;1;;;
Kaufman TX;1;48257;1;;;
Kendall TX;1;48259;1;;;
Montgomery TX;1;48339;1;;;
Parker TX;1;48367;1;;;
Rockwall TX;1;48397;1;;;
Williamson TX;1;48491;1;;;
Wilson TX;1;48493;1;;;
Wise TX;1;48497;1;;;
Amelia VA;1;51007;1;;;
Caroline VA;1;51033;1;;;
Chesterfield VA;1;51041;1;;;
Clarke VA;1;51043;1;;;
Culpeper VA;1;51047;1;;;
Fauquier VA;1;51061;1;;;
Fluvanna VA;1;51065;1;;;
Frederick VA;1;51069;1;;;
Goochland VA;1;51075;1;;;
Greene VA;1;51079;1;;;
Hanover VA;1;51085;1;;;
Isle of Wight VA;1;51093;1;;;
James City VA;1;51095;1;;;
King William VA;1;51101;1;;;
Louisa VA;1;51109;1;;;
New Kent VA;1;51127;1;;;
Orange VA;1;51137;1;;;
Powhatan VA;1;51145;1;;;
Prince William VA;1;51153;1;;;
Rappahannock VA;1;51157;1;;;
Roanoke VA;1;51161;1;;;
Warren VA;1;51187;1;;;
Poquoson city VA;1;51735;1;;;
Benton WA;1;53005;1;;;
Skagit WA;1;53057;1;;;
Berkeley WV;1;54003;1;;;
Jefferson WV;1;54037;1;;;
Ozaukee WI;1;55089;1;;;
St. Croix WI;1;55109;1;;;
Walworth WI;1;55127;1;;;
Waukesha WI;1;55133;1;;;
Johnson WY;1;56019;1;;;
Baldwin AL;2;01003;2;;;
Haines Borough AK;2;02100;2;;;
Hoonah-Angoon Census Area;2;02105;2;;;
Kenai Peninsula Borough AK;2;02122;2;;;
Matanuska-Susitna Borough AK;2;02170;2;;;
Prince of Wales-Hyder Census Area ;2;02198;2;;;
Skagway Municipality;2;02230;2;;;
Gila AZ;2;04007;2;;;
Greenlee AZ;2;04011;2;;;
La Paz AZ;2;04012;2;;;
Mohave AZ;2;04015;2;;;
Pinal AZ;2;04021;2;;;
Yavapai AZ;2;04025;2;;;
Montgomery AR;2;05097;2;;;
Alpine CA;2;06003;2;;;
Amador CA;2;06005;2;;;
Calaveras CA;2;06009;2;;;
Del Norte CA;2;06015;2;;;
Inyo CA;2;06027;2;;;
Lake CA;2;06033;2;;;
Lassen CA;2;06035;2;;;
Mariposa CA;2;06043;2;;;
Mendocino CA;2;06045;2;;;
Modoc CA;2;06049;2;;;
Mono CA;2;06051;2;;;
Plumas CA;2;06063;2;;;
Sierra CA;2;06091;2;;;
Siskiyou CA;2;06093;2;;;
Tehama CA;2;06103;2;;;
Trinity CA;2;06105;2;;;
Tuolumne CA;2;06109;2;;;
Alamosa CO;2;08003;2;;;
Archuleta CO;2;08007;2;;;
Bent CO;2;08011;2;;;
Chaffee CO;2;08015;2;;;
Clear Creek CO;2;08019;2;;;
Crowley CO;2;08025;2;;;
Custer CO;2;08027;2;;;
Delta CO;2;08029;2;;;
Dolores CO;2;08033;2;;;
Eagle CO;2;08037;2;;;
Fremont CO;2;08043;2;;;
Gilpin CO;2;08047;2;;;
Grand CO;2;08049;2;;;
Hinsdale CO;2;08053;2;;;
Huerfano CO;2;08055;2;;;
Jackson CO;2;08057;2;;;
Kiowa CO;2;08061;2;;;
Lake CO;2;08065;2;;;
Las Animas CO;2;08071;2;;;
Lincoln CO;2;08073;2;;;
Mineral CO;2;08079;2;;;
Moffat CO;2;08081;2;;;
Montezuma CO;2;08083;2;;;
Montrose CO;2;08085;2;;;
Morgan CO;2;08087;2;;;
Otero CO;2;08089;2;;;
Ouray CO;2;08091;2;;;
Park CO;2;08093;2;;;
Pitkin CO;2;08097;2;;;
Prowers CO;2;08099;2;;;
Pueblo CO;2;08101;2;;;
Rio Blanco CO;2;08103;2;;;
Routt CO;2;08107;2;;;
San Juan CO;2;08111;2;;;
San Miguel CO;2;08113;2;;;
Summit CO;2;08117;2;;;
Teller CO;2;08119;2;;;
Sussex DE;2;10005;2;;;
Brevard FL;2;12009;2;;;
Charlotte FL;2;12015;2;;;
Citrus FL;2;12017;2;;;
Collier FL;2;12021;2;;;
Flagler FL;2;12035;2;;;
Glades FL;2;12043;2;;;
Gulf FL;2;12045;2;;;
Hernando FL;2;12053;2;;;
Highlands FL;2;12055;2;;;
Indian River FL;2;12061;2;;;
Jackson FL;2;12063;2;;;
Lafayette FL;2;12067;2;;;
Lake FL;2;12069;2;;;
Lee FL;2;12071;2;;;
Manatee FL;2;12081;2;;;
Marion FL;2;12083;2;;;
Martin FL;2;12085;2;;;
Monroe FL;2;12087;2;;;
Okeechobee FL;2;12093;2;;;
Pasco FL;2;12101;2;;;
Polk FL;2;12105;2;;;
St. Lucie FL;2;12111;2;;;
Sarasota FL;2;12115;2;;;
Sumter FL;2;12119;2;;;
Union FL;2;12125;2;;;
Volusia FL;2;12127;2;;;
Walton FL;2;12131;2;;;
Towns GA;2;13281;2;;;
Hawaii HI;2;15001;2;;;
Adams ID;2;16003;2;;;
Benewah ID;2;16009;2;;;
Blaine ID;2;16013;2;;;
Boise ID;2;16015;2;;;
Bonner ID;2;16017;2;;;
Camas ID;2;16025;2;;;
Clearwater ID;2;16035;2;;;
Custer ID;2;16037;2;;;
Lemhi ID;2;16059;2;;;
Lewis ID;2;16061;2;;;
Lincoln ID;2;16063;2;;;
Teton ID;2;16081;2;;;
Valley ID;2;16085;2;;;
Washington ID;2;16087;2;;;
Brown IL;2;17009;2;;;
Johnson IL;2;17087;2;;;
Perry IL;2;17145;2;;;
Brown IN;2;18013;2;;;
Sullivan IN;2;18153;2;;;
Lyon KY;2;21143;2;;;
Aroostook ME;2;23003;2;;;
Franklin ME;2;23007;2;;;
Hancock ME;2;23009;2;;;
Knox ME;2;23013;2;;;
Lincoln ME;2;23015;2;;;
Oxford ME;2;23017;2;;;
Piscataquis ME;2;23021;2;;;
Somerset ME;2;23025;2;;;
Waldo ME;2;23027;2;;;
Washington ME;2;23029;2;;;
Worcester MD;2;24047;2;;;
Barnstable MA;2;25001;2;;;
Dukes MA;2;25007;2;;;
Nantucket MA;2;25019;2;;;
Alcona MI;2;26001;2;;;
Alger MI;2;26003;2;;;
Antrim MI;2;26009;2;;;
Arenac MI;2;26011;2;;;
Baraga MI;2;26013;2;;;
Benzie MI;2;26019;2;;;
Charlevoix MI;2;26029;2;;;
Cheboygan MI;2;26031;2;;;
Chippewa MI;2;26033;2;;;
Clare MI;2;26035;2;;;
Crawford MI;2;26039;2;;;
Gladwin MI;2;26051;2;;;
Gogebic MI;2;26053;2;;;
Iosco MI;2;26069;2;;;
Iron MI;2;26071;2;;;
Kalkaska MI;2;26079;2;;;
Keweenaw MI;2;26083;2;;;
Lake MI;2;26085;2;;;
Leelanau MI;2;26089;2;;;
Luce MI;2;26095;2;;;
Mackinac MI;2;26097;2;;;
Manistee MI;2;26101;2;;;
Montmorency MI;2;26119;2;;;
Oceana MI;2;26127;2;;;
Ogemaw MI;2;26129;2;;;
Ontonagon MI;2;26131;2;;;
Oscoda MI;2;26135;2;;;
Otsego MI;2;26137;2;;;
Presque Isle MI;2;26141;2;;;
Roscommon MI;2;26143;2;;;
Schoolcraft MI;2;26153;2;;;
Aitkin MN;2;27001;2;;;
Cass MN;2;27021;2;;;
Cook MN;2;27031;2;;;
Hubbard MN;2;27057;2;;;
Itasca MN;2;27061;2;;;
Koochiching MN;2;27071;2;;;
Lake of the Woods MN;2;27077;2;;;
Benton MO;2;29015;2;;;
Camden MO;2;29029;2;;;
DeKalb MO;2;29063;2;;;
Hickory MO;2;29085;2;;;
Howard MO;2;29089;2;;;
Morgan MO;2;29141;2;;;
Stone MO;2;29209;2;;;
Taney MO;2;29213;2;;;
Broadwater MT;2;30007;2;;;
Carbon MT;2;30009;2;;;
Deer Lodge MT;2;30023;2;;;
Flathead MT;2;30029;2;;;
Golden Valley MT;2;30037;2;;;
Granite MT;2;30039;2;;;
Hill MT;2;30041;2;;;
Lake MT;2;30047;2;;;
Madison MT;2;30057;2;;;
Meagher MT;2;30059;2;;;
Musselshell MT;2;30065;2;;;
Park MT;2;30067;2;;;
Powell MT;2;30077;2;;;
Ravalli MT;2;30081;2;;;
Stillwater MT;2;30095;2;;;
Sweet Grass MT;2;30097;2;;;
Morrill NE;2;31123;2;;;
Elko NV;2;32007;2;;;
Esmeralda NV;2;32009;2;;;
Humboldt NV;2;32013;2;;;
Lander NV;2;32015;2;;;
Nye NV;2;32023;2;;;
Pershing NV;2;32027;2;;;
White Pine NV;2;32033;2;;;
Carson City NV;2;32510;2;;;
Carroll NH;2;33003;2;;;
Coos NH;2;33007;2;;;
Cape May NJ;2;34009;2;;;
Catron NM;2;35003;2;;;
Colfax NM;2;35007;2;;;
DeBaca NM;2;35011;2;;;
Grant NM;2;35017;2;;;
Harding NM;2;35021;2;;;
Mora NM;2;35033;2;;;
Quay NM;2;35037;2;;;
Roosevelt NM;2;35041;2;;;
Sierra NM;2;35051;2;;;
Torrance NM;2;35057;2;;;
Clinton NY;2;36019;2;;;
Delaware NY;2;36025;2;;;
Essex NY;2;36031;2;;;
Franklin NY;2;36033;2;;;
Greene NY;2;36039;2;;;
Hamilton NY;2;36041;2;;;
St. Lawrence NY;2;36089;2;;;
Sullivan NY;2;36105;2;;;
Alleghany NC;2;37005;2;;;
Avery NC;2;37011;2;;;
Brunswick NC;2;37019;2;;;
Carteret NC;2;37031;2;;;
Cherokee NC;2;37039;2;;;
Dare NC;2;37055;2;;;
Swain NC;2;37173;2;;;
Mountrail ND;2;38061;2;;;
Cimarron OK;2;40025;2;;;
Harmon OK;2;40057;2;;;
Harper OK;2;40059;2;;;
Tillman OK;2;40141;2;;;
Baker OR;2;41001;2;;;
Clatsop OR;2;41007;2;;;
Coos OR;2;41011;2;;;
Crook OR;2;41013;2;;;
Curry OR;2;41015;2;;;
Douglas OR;2;41019;2;;;
Gilliam OR;2;41021;2;;;
Grant OR;2;41023;2;;;
Harney OR;2;41025;2;;;
Jefferson OR;2;41031;2;;;
Josephine OR;2;41033;2;;;
Klamath OR;2;41035;2;;;
Lake OR;2;41037;2;;;
Lincoln OR;2;41041;2;;;
Linn OR;2;41043;2;;;
Malheur OR;2;41045;2;;;
Marion OR;2;41047;2;;;
Tillamook OR;2;41057;2;;;
Umatilla OR;2;41059;2;;;
Union OR;2;41061;2;;;
Wallowa OR;2;41063;2;;;
Wasco OR;2;41065;2;;;
Wheeler OR;2;41069;2;;;
Cameron PA;2;42023;2;;;
Forest PA;2;42053;2;;;
Huntingdon PA;2;42061;2;;;
Potter PA;2;42105;2;;;
Sullivan PA;2;42113;2;;;
Horry SC;2;45051;2;;;
Butte SD;2;46019;2;;;
Fall River SD;2;46047;2;;;
Sevier TN;2;47155;2;;;
Baylor TX;2;48023;2;;;
Brewster TX;2;48043;2;;;
Briscoe TX;2;48045;2;;;
Childress TX;2;48075;2;;;
Coke TX;2;48081;2;;;
Cottle TX;2;48101;2;;;
Crockett TX;2;48105;2;;;
Dawson TX;2;48115;2;;;
DeWitt TX;2;48123;2;;;
Dickens TX;2;48125;2;;;
Donley TX;2;48129;2;;;
Fisher TX;2;48151;2;;;
Foard TX;2;48155;2;;;
Freestone TX;2;48161;2;;;
Goliad TX;2;48175;2;;;
Hardeman TX;2;48197;2;;;
Haskell TX;2;48207;2;;;
Howard TX;2;48227;2;;;
Jeff Davis TX;2;48243;2;;;
Jones TX;2;48253;2;;;
Karnes TX;2;48255;2;;;
Kent TX;2;48263;2;;;
Kimble TX;2;48267;2;;;
Knox TX;2;48275;2;;;
Limestone TX;2;48293;2;;;
Live Oak TX;2;48297;2;;;
Llano TX;2;48299;2;;;
Loving TX;2;48301;2;;;
McCulloch TX;2;48307;2;;;
McMullen TX;2;48311;2;;;
Menard TX;2;48327;2;;;
Mills TX;2;48333;2;;;
Mitchell TX;2;48335;2;;;
Motley TX;2;48345;2;;;
Nolan TX;2;48353;2;;;
Real TX;2;48385;2;;;
Sabine TX;2;48403;2;;;
San Saba TX;2;48411;2;;;
Terrell TX;2;48443;2;;;
Terry TX;2;48445;2;;;
Throckmorton TX;2;48447;2;;;
Trinity TX;2;48455;2;;;
Winkler TX;2;48495;2;;;
Grand UT;2;49019;2;;;
Summit UT;2;49043;2;;;
Essex VT;2;50009;2;;;
Grand Isle VT;2;50013;2;;;
Orleans VT;2;50019;2;;;
Highland VA;2;51091;2;;;
Lancaster VA;2;51103;2;;;
Madison VA;2;51113;2;;;
Mathews VA;2;51115;2;;;
Middlesex VA;2;51119;2;;;
Northumberland VA;2;51133;2;;;
Rockbridge VA;2;51163;2;;;
Chelan WA;2;53007;2;;;
Clallam WA;2;53009;2;;;
Columbia WA;2;53013;2;;;
Cowlitz WA;2;53015;2;;;
Ferry WA;2;53019;2;;;
Grays Harbor WA;2;53027;2;;;
Jefferson WA;2;53031;2;;;
Klickitat WA;2;53039;2;;;
Lewis WA;2;53041;2;;;
Mason WA;2;53045;2;;;
Okanogan WA;2;53047;2;;;
Pacific WA;2;53049;2;;;
San Juan WA;2;53055;2;;;
Skamania WA;2;53059;2;;;
Stevens WA;2;53065;2;;;
Wahkiakum WA;2;53069;2;;;
Greenbrier WV;2;54025;2;;;
Pocahontas WV;2;54075;2;;;
Randolph WV;2;54083;2;;;
Tucker WV;2;54093;2;;;
Adams WI;2;55001;2;;;
Bayfield WI;2;55007;2;;;
Burnett WI;2;55013;2;;;
Florence WI;2;55037;2;;;
Forest WI;2;55041;2;;;
Iron WI;2;55051;2;;;
Oneida WI;2;55085;2;;;
Sawyer WI;2;55113;2;;;
Vilas WI;2;55125;2;;;
Washburn WI;2;55129;2;;;
Campbell WY;2;56005;2;;;
Carbon WY;2;56007;2;;;
Converse WY;2;56009;2;;;
Crook WY;2;56011;2;;;
Fremont WY;2;56013;2;;;
Park WY;2;56029;2;;;
Sheridan WY;2;56033;2;;;
Sublette WY;2;56035;2;;;
Sweetwater WY;2;56037;2;;;
Teton WY;2;56039;2;;;
Weston WY;2;56045;2;;;
Barbour AL;3;01005;3;;;
Bullock AL;3;01011;3;;;
Butler AL;3;01013;3;;;
Chambers AL;3;01017;3;;;
Choctaw AL;3;01023;3;;;
Clarke AL;3;01025;3;;;
Conecuh AL;3;01035;3;;;
Coosa AL;3;01037;3;;;
Dallas AL;3;01047;3;;;
Escambia AL;3;01053;3;;;
Greene AL;3;01063;3;;;
Hale AL;3;01065;3;;;
Houston AL;3;01069;3;;;
Jefferson AL;3;01073;3;;;
Lee AL;3;01081;3;;;
Lowndes AL;3;01085;3;;;
Macon AL;3;01087;3;;;
Marengo AL;3;01091;3;;;
Mobile AL;3;01097;3;;;
Monroe AL;3;01099;3;;;
Montgomery AL;3;01101;3;;;
Perry AL;3;01105;3;;;
Pickens AL;3;01107;3;;;
Pike AL;3;01109;3;;;
Russell AL;3;01113;3;;;
Sumter AL;3;01119;3;;;
Tuscaloosa AL;3;01125;3;;;
Wilcox AL;3;01131;3;;;
Ashley AR;3;05003;3;;;
Bradley AR;3;05011;3;;;
Calhoun AR;3;05013;3;;;
Chicot AR;3;05017;3;;;
Columbia AR;3;05027;3;;;
Crittenden AR;3;05035;3;;;
Dallas AR;3;05039;3;;;
Desha AR;3;05041;3;;;
Drew AR;3;05043;3;;;
Hempstead AR;3;05057;3;;;
Howard AR;3;05061;3;;;
Jefferson AR;3;05069;3;;;
Lafayette AR;3;05073;3;;;
Lee AR;3;05077;3;;;
Lincoln AR;3;05079;3;;;
Miller AR;3;05091;3;;;
Mississippi AR;3;05093;3;;;
Monroe AR;3;05095;3;;;
Nevada AR;3;05099;3;;;
Ouachita AR;3;05103;3;;;
Phillips AR;3;05107;3;;;
St. Francis AR;3;05123;3;;;
Union AR;3;05139;3;;;
Bradford FL;3;12007;3;;;
Calhoun FL;3;12013;3;;;
Columbia FL;3;12023;3;;;
Franklin FL;3;12037;3;;;
Gadsden FL;3;12039;3;;;
Hamilton FL;3;12047;3;;;
Jefferson FL;3;12065;3;;;
Levy FL;3;12075;3;;;
Liberty FL;3;12077;3;;;
Madison FL;3;12079;3;;;
Putnam FL;3;12107;3;;;
Suwannee FL;3;12121;3;;;
Taylor FL;3;12123;3;;;
Washington FL;3;12133;3;;;
Baker GA;3;13007;3;;;
Baldwin GA;3;13009;3;;;
Ben Hill GA;3;13017;3;;;
Bibb GA;3;13021;3;;;
Bleckley GA;3;13023;3;;;
Brooks GA;3;13027;3;;;
Bulloch GA;3;13031;3;;;
Burke GA;3;13033;3;;;
Butts GA;3;13035;3;;;
Calhoun GA;3;13037;3;;;
Candler GA;3;13043;3;;;
Charlton GA;3;13049;3;;;
Clay GA;3;13061;3;;;
Clayton GA;3;13063;3;;;
Clinch GA;3;13065;3;;;
Coffee GA;3;13069;3;;;
Colquitt GA;3;13071;3;;;
Cook GA;3;13075;3;;;
Crawford GA;3;13079;3;;;
Crisp GA;3;13081;3;;;
Decatur GA;3;13087;3;;;
Dodge GA;3;13091;3;;;
Dooly GA;3;13093;3;;;
Dougherty GA;3;13095;3;;;
Early GA;3;13099;3;;;
Elbert GA;3;13105;3;;;
Emanuel GA;3;13107;3;;;
Evans GA;3;13109;3;;;
Grady GA;3;13131;3;;;
Greene GA;3;13133;3;;;
Hancock GA;3;13141;3;;;
Jasper GA;3;13159;3;;;
Jefferson GA;3;13163;3;;;
Jenkins GA;3;13165;3;;;
Johnson GA;3;13167;3;;;
Jones GA;3;13169;3;;;
Lamar GA;3;13171;3;;;
Laurens GA;3;13175;3;;;
Lincoln GA;3;13181;3;;;
Lowndes GA;3;13185;3;;;
McDuffie GA;3;13189;3;;;
McIntosh GA;3;13191;3;;;
Macon GA;3;13193;3;;;
Marion GA;3;13197;3;;;
Meriwether GA;3;13199;3;;;
Miller GA;3;13201;3;;;
Mitchell GA;3;13205;3;;;
Monroe GA;3;13207;3;;;
Montgomery GA;3;13209;3;;;
Morgan GA;3;13211;3;;;
Muscogee GA;3;13215;3;;;
Oglethorpe GA;3;13221;3;;;
Peach GA;3;13225;3;;;
Pulaski GA;3;13235;3;;;
Putnam GA;3;13237;3;;;
Quitman GA;3;13239;3;;;
Randolph GA;3;13243;3;;;
Richmond GA;3;13245;3;;;
Schley GA;3;13249;3;;;
Screven GA;3;13251;3;;;
Seminole GA;3;13253;3;;;
Spalding GA;3;13255;3;;;
Stewart GA;3;13259;3;;;
Sumter GA;3;13261;3;;;
Talbot GA;3;13263;3;;;
Taliaferro GA;3;13265;3;;;
Tattnall GA;3;13267;3;;;
Taylor GA;3;13269;3;;;
Telfair GA;3;13271;3;;;
Terrell GA;3;13273;3;;;
Thomas GA;3;13275;3;;;
Tift GA;3;13277;3;;;
Treutlen GA;3;13283;3;;;
Troup GA;3;13285;3;;;
Turner GA;3;13287;3;;;
Twiggs GA;3;13289;3;;;
Ware GA;3;13299;3;;;
Warren GA;3;13301;3;;;
Washington GA;3;13303;3;;;
Webster GA;3;13307;3;;;
Wheeler GA;3;13309;3;;;
Wilcox GA;3;13315;3;;;
Wilkes GA;3;13317;3;;;
Wilkinson GA;3;13319;3;;;
Alexander IL;3;17003;3;;;
Pulaski IL;3;17153;3;;;
Wyandotte KS;3;20209;3;;;
Fulton KY;3;21075;3;;;
Acadia Parish LA;3;22001;3;;;
Allen Parish LA;3;22003;3;;;
Assumption Parish LA;3;22007;3;;;
Avoyelles Parish LA;3;22009;3;;;
Bienville Parish LA;3;22013;3;;;
Caddo Parish LA;3;22017;3;;;
Claiborne Parish LA;3;22027;3;;;
Concordia Parish LA;3;22029;3;;;
De Soto Parish LA;3;22031;3;;;
East Carroll Parish LA;3;22035;3;;;
East Feliciana Parish LA;3;22037;3;;;
Evangeline Parish LA;3;22039;3;;;
Iberia Parish LA;3;22045;3;;;
Iberville Parish LA;3;22047;3;;;
Jefferson Davis Parish LA;3;22053;3;;;
Lafourche Parish LA;3;22057;3;;;
Lincoln Parish LA;3;22061;3;;;
Madison Parish LA;3;22065;3;;;
Morehouse Parish LA;3;22067;3;;;
Natchitoches Parish LA;3;22069;3;;;
Orleans Parish LA;3;22071;3;;;
Ouachita Parish LA;3;22073;3;;;
Pointe Coupee Parish LA;3;22077;3;;;
Rapides Parish LA;3;22079;3;;;
Red River Parish LA;3;22081;3;;;
Richland Parish LA;3;22083;3;;;
St. Charles Parish LA;3;22089;3;;;
St. Helena Parish LA;3;22091;3;;;
St. James Parish LA;3;22093;3;;;
St. John the Baptist Parish LA;3;22095;3;;;
St. Landry Parish LA;3;22097;3;;;
St. Martin Parish LA;3;22099;3;;;
St. Mary Parish LA;3;22101;3;;;
Tensas Parish LA;3;22107;3;;;
Terrebonne Parish LA;3;22109;3;;;
Vermilion Parish LA;3;22113;3;;;
Washington Parish LA;3;22117;3;;;
Webster Parish LA;3;22119;3;;;
West Feliciana Parish LA;3;22125;3;;;
Dorchester MD;3;24019;3;;;
Adams MS;3;28001;3;;;
Amite MS;3;28005;3;;;
Attala MS;3;28007;3;;;
Bolivar MS;3;28011;3;;;
Calhoun MS;3;28013;3;;;
Carroll MS;3;28015;3;;;
Chickasaw MS;3;28017;3;;;
Claiborne MS;3;28021;3;;;
Clay MS;3;28025;3;;;
Coahoma MS;3;28027;3;;;
Copiah MS;3;28029;3;;;
Covington MS;3;28031;3;;;
Forrest MS;3;28035;3;;;
Grenada MS;3;28043;3;;;
Hinds MS;3;28049;3;;;
Holmes MS;3;28051;3;;;
Humphreys MS;3;28053;3;;;
Issaquena MS;3;28055;3;;;
Jasper MS;3;28061;3;;;
Jefferson MS;3;28063;3;;;
Jefferson Davis MS;3;28065;3;;;
Jones MS;3;28067;3;;;
Kemper MS;3;28069;3;;;
Lauderdale MS;3;28075;3;;;
Lee MS;3;28081;3;;;
Leflore MS;3;28083;3;;;
Lincoln MS;3;28085;3;;;
Lowndes MS;3;28087;3;;;
Marshall MS;3;28093;3;;;
Monroe MS;3;28095;3;;;
Montgomery MS;3;28097;3;;;
Newton MS;3;28101;3;;;
Noxubee MS;3;28103;3;;;
Panola MS;3;28107;3;;;
Pike MS;3;28113;3;;;
Quitman MS;3;28119;3;;;
Sharkey MS;3;28125;3;;;
Sunflower MS;3;28133;3;;;
Tallahatchie MS;3;28135;3;;;
Tate MS;3;28137;3;;;
Tunica MS;3;28143;3;;;
Walthall MS;3;28147;3;;;
Warren MS;3;28149;3;;;
Washington MS;3;28151;3;;;
Wilkinson MS;3;28157;3;;;
Winston MS;3;28159;3;;;
Yalobusha MS;3;28161;3;;;
Yazoo MS;3;28163;3;;;
Mississippi MO;3;29133;3;;;
Pemiscot MO;3;29155;3;;;
Anson NC;3;37007;3;;;
Bertie NC;3;37015;3;;;
Bladen NC;3;37017;3;;;
Caswell NC;3;37033;3;;;
Chowan NC;3;37041;3;;;
Columbus NC;3;37047;3;;;
Duplin NC;3;37061;3;;;
Edgecombe NC;3;37065;3;;;
Franklin NC;3;37069;3;;;
Granville NC;3;37077;3;;;
Greene NC;3;37079;3;;;
Halifax NC;3;37083;3;;;
Hertford NC;3;37091;3;;;
Hyde NC;3;37095;3;;;
Jones NC;3;37103;3;;;
Lee NC;3;37105;3;;;
Lenoir NC;3;37107;3;;;
Martin NC;3;37117;3;;;
Montgomery NC;3;37123;3;;;
Nash NC;3;37127;3;;;
Northampton NC;3;37131;3;;;
Pamlico NC;3;37137;3;;;
Pender NC;3;37141;3;;;
Perquimans NC;3;37143;3;;;
Person NC;3;37145;3;;;
Pitt NC;3;37147;3;;;
Richmond NC;3;37153;3;;;
Rockingham NC;3;37157;3;;;
Rowan NC;3;37159;3;;;
Sampson NC;3;37163;3;;;
Scotland NC;3;37165;3;;;
Tyrrell NC;3;37177;3;;;
Vance NC;3;37181;3;;;
Warren NC;3;37185;3;;;
Washington NC;3;37187;3;;;
Wilson NC;3;37195;3;;;
Abbeville SC;3;45001;3;;;
Aiken SC;3;45003;3;;;
Allendale SC;3;45005;3;;;
Bamberg SC;3;45009;3;;;
Barnwell SC;3;45011;3;;;
Calhoun SC;3;45017;3;;;
Chester SC;3;45023;3;;;
Chesterfield SC;3;45025;3;;;
Clarendon SC;3;45027;3;;;
Colleton SC;3;45029;3;;;
Darlington SC;3;45031;3;;;
Dillon SC;3;45033;3;;;
Edgefield SC;3;45037;3;;;
Fairfield SC;3;45039;3;;;
Florence SC;3;45041;3;;;
Georgetown SC;3;45043;3;;;
Hampton SC;3;45049;3;;;
Jasper SC;3;45053;3;;;
Kershaw SC;3;45055;3;;;
Lancaster SC;3;45057;3;;;
Lee SC;3;45061;3;;;
McCormick SC;3;45065;3;;;
Marion SC;3;45067;3;;;
Marlboro SC;3;45069;3;;;
Newberry SC;3;45071;3;;;
Orangeburg SC;3;45075;3;;;
Richland SC;3;45079;3;;;
Saluda SC;3;45081;3;;;
Sumter SC;3;45085;3;;;
Union SC;3;45087;3;;;
Williamsburg SC;3;45089;3;;;
Hardeman TN;3;47069;3;;;
Haywood TN;3;47075;3;;;
Lake TN;3;47095;3;;;
Lauderdale TN;3;47097;3;;;
Madison TN;3;47113;3;;;
Shelby TN;3;47157;3;;;
Anderson TX;3;48001;3;;;
Angelina TX;3;48005;3;;;
Bowie TX;3;48037;3;;;
Camp TX;3;48063;3;;;
Cherokee TX;3;48073;3;;;
Falls TX;3;48145;3;;;
Grimes TX;3;48185;3;;;
Harrison TX;3;48203;3;;;
Houston TX;3;48225;3;;;
Jefferson TX;3;48245;3;;;
Madison TX;3;48313;3;;;
Marion TX;3;48315;3;;;
Navarro TX;3;48349;3;;;
Newton TX;3;48351;3;;;
Polk TX;3;48373;3;;;
Robertson TX;3;48395;3;;;
San Augustine TX;3;48405;3;;;
San Jacinto TX;3;48407;3;;;
Shelby TX;3;48419;3;;;
Accomack VA;3;51001;3;;;
Amherst VA;3;51009;3;;;
Appomattox VA;3;51011;3;;;
Brunswick VA;3;51025;3;;;
Buckingham VA;3;51029;3;;;
Campbell VA;3;51031;3;;;
Charles City VA;3;51036;3;;;
Cumberland VA;3;51049;3;;;
Dinwiddie VA;3;51053;3;;;
Essex VA;3;51057;3;;;
Greensville VA;3;51081;3;;;
Halifax VA;3;51083;3;;;
Henry VA;3;51089;3;;;
King and Queen VA;3;51097;3;;;
Lunenburg VA;3;51111;3;;;
Mecklenburg VA;3;51117;3;;;
Northampton VA;3;51131;3;;;
Nottoway VA;3;51135;3;;;
Pittsylvania VA;3;51143;3;;;
Richmond VA;3;51159;3;;;
Southampton VA;3;51175;3;;;
Surry VA;3;51181;3;;;
Sussex VA;3;51183;3;;;
Westmoreland VA;3;51193;3;;;
Danville city VA;3;51590;3;;;
Emporia city VA;3;51595;3;;;
Franklin city VA;3;51620;3;;;
Hampton city VA;3;51650;3;;;
Hopewell city VA;3;51670;3;;;
Martinsville city VA;3;51690;3;;;
Newport News city VA;3;51700;3;;;
Norfolk city VA;3;51710;3;;;
Petersburg city VA;3;51730;3;;;
Portsmouth city VA;3;51740;3;;;
Richmond city VA;3;51760;3;;;
Bibb AL;4;01007;4;;;
Blount AL;4;01009;4;;;
Calhoun AL;4;01015;4;;;
Chilton AL;4;01021;4;;;
Clay AL;4;01027;4;;;
Cleburne AL;4;01029;4;;;
Colbert AL;4;01033;4;;;
Covington AL;4;01039;4;;;
Crenshaw AL;4;01041;4;;;
Cullman AL;4;01043;4;;;
DeKalb AL;4;01049;4;;;
Etowah AL;4;01055;4;;;
Fayette AL;4;01057;4;;;
Franklin AL;4;01059;4;;;
Geneva AL;4;01061;4;;;
Henry AL;4;01067;4;;;
Jackson AL;4;01071;4;;;
Lamar AL;4;01075;4;;;
Lauderdale AL;4;01077;4;;;
Lawrence AL;4;01079;4;;;
Marion AL;4;01093;4;;;
Marshall AL;4;01095;4;;;
Morgan AL;4;01103;4;;;
Randolph AL;4;01111;4;;;
Talladega AL;4;01121;4;;;
Tallapoosa AL;4;01123;4;;;
Walker AL;4;01127;4;;;
Washington AL;4;01129;4;;;
Winston AL;4;01133;4;;;
Arkansas AR;4;05001;4;;;
Boone AR;4;05009;4;;;
Cleveland AR;4;05025;4;;;
Conway AR;4;05029;4;;;
Crawford AR;4;05033;4;;;
Cross AR;4;05037;4;;;
Garland AR;4;05051;4;;;
Grant AR;4;05053;4;;;
Greene AR;4;05055;4;;;
Hot Spring AR;4;05059;4;;;
Independence AR;4;05063;4;;;
Jackson AR;4;05067;4;;;
Johnson AR;4;05071;4;;;
Little River AR;4;05081;4;;;
Logan AR;4;05083;4;;;
Pike AR;4;05109;4;;;
Poinsett AR;4;05111;4;;;
Pope AR;4;05115;4;;;
Scott AR;4;05127;4;;;
Sebastian AR;4;05131;4;;;
White AR;4;05145;4;;;
Woodruff AR;4;05147;4;;;
Gilchrist FL;4;12041;4;;;
Holmes FL;4;12059;4;;;
Appling GA;4;13001;4;;;
Bacon GA;4;13005;4;;;
Banks GA;4;13011;4;;;
Brantley GA;4;13025;4;;;
Chattooga GA;4;13055;4;;;
Floyd GA;4;13115;4;;;
Franklin GA;4;13119;4;;;
Glascock GA;4;13125;4;;;
Habersham GA;4;13137;4;;;
Haralson GA;4;13143;4;;;
Hart GA;4;13147;4;;;
Heard GA;4;13149;4;;;
Irwin GA;4;13155;4;;;
Jeff Davis GA;4;13161;4;;;
Madison GA;4;13195;4;;;
Pierce GA;4;13229;4;;;
Polk GA;4;13233;4;;;
Stephens GA;4;13257;4;;;
Toombs GA;4;13279;4;;;
Upson GA;4;13293;4;;;
Walker GA;4;13295;4;;;
Wayne GA;4;13305;4;;;
Worth GA;4;13321;4;;;
Adams IL;4;17001;4;;;
Clay IL;4;17025;4;;;
Franklin IL;4;17055;4;;;
Jefferson IL;4;17081;4;;;
Marion IL;4;17121;4;;;
Massac IL;4;17127;4;;;
Randolph IL;4;17157;4;;;
Saline IL;4;17165;4;;;
Stephenson IL;4;17177;4;;;
Union IL;4;17181;4;;;
Williamson IL;4;17199;4;;;
Adams IN;4;18001;4;;;
Daviess IN;4;18027;4;;;
Lagrange IN;4;18087;4;;;
Cowley KS;4;20035;4;;;
Labette KS;4;20099;4;;;
Montgomery KS;4;20125;4;;;
Ballard KY;4;21007;4;;;
Barren KY;4;21009;4;;;
Bell KY;4;21013;4;;;
Bourbon KY;4;21017;4;;;
Boyd KY;4;21019;4;;;
Boyle KY;4;21021;4;;;
Bracken KY;4;21023;4;;;
Breckinridge KY;4;21027;4;;;
Butler KY;4;21031;4;;;
Caldwell KY;4;21033;4;;;
Carroll KY;4;21041;4;;;
Clark KY;4;21049;4;;;
Clay KY;4;21051;4;;;
Clinton KY;4;21053;4;;;
Daviess KY;4;21059;4;;;
Gallatin KY;4;21077;4;;;
Garrard KY;4;21079;4;;;
Graves KY;4;21083;4;;;
Grayson KY;4;21085;4;;;
Green KY;4;21087;4;;;
Hancock KY;4;21091;4;;;
Harrison KY;4;21097;4;;;
Hart KY;4;21099;4;;;
Henderson KY;4;21101;4;;;
Henry KY;4;21103;4;;;
Hickman KY;4;21105;4;;;
Hopkins KY;4;21107;4;;;
Knox KY;4;21121;4;;;
Larue KY;4;21123;4;;;
Laurel KY;4;21125;4;;;
Lincoln KY;4;21137;4;;;
Logan KY;4;21141;4;;;
McCracken KY;4;21145;4;;;
McLean KY;4;21149;4;;;
Marion KY;4;21155;4;;;
Mason KY;4;21161;4;;;
Mercer KY;4;21167;4;;;
Metcalfe KY;4;21169;4;;;
Monroe KY;4;21171;4;;;
Muhlenberg KY;4;21177;4;;;
Ohio KY;4;21183;4;;;
Owen KY;4;21187;4;;;
Pendleton KY;4;21191;4;;;
Powell KY;4;21197;4;;;
Pulaski KY;4;21199;4;;;
Rockcastle KY;4;21203;4;;;
Simpson KY;4;21213;4;;;
Taylor KY;4;21217;4;;;
Todd KY;4;21219;4;;;
Trigg KY;4;21221;4;;;
Union KY;4;21225;4;;;
Washington KY;4;21229;4;;;
Webster KY;4;21233;4;;;
Whitley KY;4;21235;4;;;
Beauregard Parish LA;4;22011;4;;;
Caldwell Parish LA;4;22021;4;;;
Catahoula Parish LA;4;22025;4;;;
Franklin Parish LA;4;22041;4;;;
Grant Parish LA;4;22043;4;;;
Jackson Parish LA;4;22049;4;;;
La Salle Parish LA;4;22059;4;;;
Sabine Parish LA;4;22085;4;;;
Union Parish LA;4;22111;4;;;
West Carroll Parish LA;4;22123;4;;;
Winn Parish LA;4;22127;4;;;
Alcorn MS;4;28003;4;;;
Benton MS;4;28009;4;;;
Choctaw MS;4;28019;4;;;
Clarke MS;4;28023;4;;;
Franklin MS;4;28037;4;;;
George MS;4;28039;4;;;
Greene MS;4;28041;4;;;
Itawamba MS;4;28057;4;;;
Lawrence MS;4;28077;4;;;
Leake MS;4;28079;4;;;
Marion MS;4;28091;4;;;
Neshoba MS;4;28099;4;;;
Pearl River MS;4;28109;4;;;
Perry MS;4;28111;4;;;
Pontotoc MS;4;28115;4;;;
Prentiss MS;4;28117;4;;;
Scott MS;4;28123;4;;;
Simpson MS;4;28127;4;;;
Smith MS;4;28129;4;;;
Tippah MS;4;28139;4;;;
Tishomingo MS;4;28141;4;;;
Union MS;4;28145;4;;;
Wayne MS;4;28153;4;;;
Webster MS;4;28155;4;;;
Barry MO;4;29009;4;;;
Butler MO;4;29023;4;;;
Cooper MO;4;29053;4;;;
Dent MO;4;29065;4;;;
Dunklin MO;4;29069;4;;;
Grundy MO;4;29079;4;;;
Henry MO;4;29083;4;;;
Jasper MO;4;29097;4;;;
Laclede MO;4;29105;4;;;
Lafayette MO;4;29107;4;;;
Lawrence MO;4;29109;4;;;
Livingston MO;4;29117;4;;;
Miller MO;4;29131;4;;;
Moniteau MO;4;29135;4;;;
New Madrid MO;4;29143;4;;;
Newton MO;4;29145;4;;;
Pettis MO;4;29159;4;;;
Pike MO;4;29163;4;;;
Randolph MO;4;29175;4;;;
St. Francois MO;4;29187;4;;;
Saline MO;4;29195;4;;;
Scott MO;4;29201;4;;;
Vernon MO;4;29217;4;;;
Wright MO;4;29229;4;;;
Richland MT;4;30083;4;;;
Gosper NE;4;31073;4;;;
Alexander NC;4;37003;4;;;
Beaufort NC;4;37013;4;;;
Burke NC;4;37023;4;;;
Caldwell NC;4;37027;4;;;
Catawba NC;4;37035;4;;;
Cleveland NC;4;37045;4;;;
Gaston NC;4;37071;4;;;
Gates NC;4;37073;4;;;
McDowell NC;4;37111;4;;;
Madison NC;4;37115;4;;;
Rutherford NC;4;37161;4;;;
Stanly NC;4;37167;4;;;
Surry NC;4;37171;4;;;
Wilkes NC;4;37193;4;;;
Yadkin NC;4;37197;4;;;
Mercer ND;4;38057;4;;;
Williams ND;4;38105;4;;;
Holmes OH;4;39075;4;;;
Atoka OK;4;40005;4;;;
Beaver OK;4;40007;4;;;
Beckham OK;4;40009;4;;;
Bryan OK;4;40013;4;;;
Caddo OK;4;40015;4;;;
Carter OK;4;40019;4;;;
Choctaw OK;4;40023;4;;;
Coal OK;4;40029;4;;;
Cotton OK;4;40033;4;;;
Craig OK;4;40035;4;;;
Creek OK;4;40037;4;;;
Dewey OK;4;40043;4;;;
Ellis OK;4;40045;4;;;
Garvin OK;4;40049;4;;;
Grady OK;4;40051;4;;;
Haskell OK;4;40061;4;;;
Hughes OK;4;40063;4;;;
Jefferson OK;4;40067;4;;;
Johnston OK;4;40069;4;;;
Kay OK;4;40071;4;;;
Kingfisher OK;4;40073;4;;;
Kiowa OK;4;40075;4;;;
Latimer OK;4;40077;4;;;
Le Flore OK;4;40079;4;;;
Lincoln OK;4;40081;4;;;
Love OK;4;40085;4;;;
McClain OK;4;40087;4;;;
McCurtain OK;4;40089;4;;;
Major OK;4;40093;4;;;
Mayes OK;4;40097;4;;;
Murray OK;4;40099;4;;;
Muskogee OK;4;40101;4;;;
Noble OK;4;40103;4;;;
Nowata OK;4;40105;4;;;
Okfuskee OK;4;40107;4;;;
Okmulgee OK;4;40111;4;;;
Osage OK;4;40113;4;;;
Ottawa OK;4;40115;4;;;
Pawnee OK;4;40117;4;;;
Pittsburg OK;4;40121;4;;;
Pottawatomie OK;4;40125;4;;;
Pushmataha OK;4;40127;4;;;
Roger Mills OK;4;40129;4;;;
Seminole OK;4;40133;4;;;
Sequoyah OK;4;40135;4;;;
Stephens OK;4;40137;4;;;
Washington OK;4;40147;4;;;
Washita OK;4;40149;4;;;
Woodward OK;4;40153;4;;;
Anderson SC;4;45007;4;;;
Cherokee SC;4;45021;4;;;
Greenwood SC;4;45047;4;;;
Laurens SC;4;45059;4;;;
Oconee SC;4;45073;4;;;
Spartanburg SC;4;45083;4;;;
Anderson TN;4;47001;4;;;
Benton TN;4;47005;4;;;
Bradley TN;4;47011;4;;;
Carroll TN;4;47017;4;;;
Carter TN;4;47019;4;;;
Chester TN;4;47023;4;;;
Claiborne TN;4;47025;4;;;
Coffee TN;4;47031;4;;;
Crockett TN;4;47033;4;;;
Decatur TN;4;47039;4;;;
DeKalb TN;4;47041;4;;;
Dyer TN;4;47045;4;;;
Franklin TN;4;47051;4;;;
Gibson TN;4;47053;4;;;
Giles TN;4;47055;4;;;
Grainger TN;4;47057;4;;;
Greene TN;4;47059;4;;;
Hamblen TN;4;47063;4;;;
Hancock TN;4;47067;4;;;
Hardin TN;4;47071;4;;;
Hawkins TN;4;47073;4;;;
Henderson TN;4;47077;4;;;
Henry TN;4;47079;4;;;
Humphreys TN;4;47085;4;;;
Jefferson TN;4;47089;4;;;
Johnson TN;4;47091;4;;;
Lawrence TN;4;47099;4;;;
Lincoln TN;4;47103;4;;;
McMinn TN;4;47107;4;;;
McNairy TN;4;47109;4;;;
Marshall TN;4;47117;4;;;
Meigs TN;4;47121;4;;;
Monroe TN;4;47123;4;;;
Morgan TN;4;47129;4;;;
Obion TN;4;47131;4;;;
Polk TN;4;47139;4;;;
Rhea TN;4;47143;4;;;
Roane TN;4;47145;4;;;
Sequatchie TN;4;47153;4;;;
Stewart TN;4;47161;4;;;
Sullivan TN;4;47163;4;;;
Warren TN;4;47177;4;;;
Weakley TN;4;47183;4;;;
Archer TX;4;48009;4;;;
Armstrong TX;4;48011;4;;;
Brown TX;4;48049;4;;;
Carson TX;4;48065;4;;;
Cass TX;4;48067;4;;;
Clay TX;4;48077;4;;;
Delta TX;4;48119;4;;;
Eastland TX;4;48133;4;;;
Fannin TX;4;48147;4;;;
Gray TX;4;48179;4;;;
Grayson TX;4;48181;4;;;
Hardin TX;4;48199;4;;;
Hemphill TX;4;48211;4;;;
Hopkins TX;4;48223;4;;;
Hunt TX;4;48231;4;;;
Hutchinson TX;4;48233;4;;;
Jack TX;4;48237;4;;;
Jackson TX;4;48239;4;;;
Jasper TX;4;48241;4;;;
Lamar TX;4;48277;4;;;
Lee TX;4;48287;4;;;
Liberty TX;4;48291;4;;;
Morris TX;4;48343;4;;;
Orange TX;4;48361;4;;;
Panola TX;4;48365;4;;;
Red River TX;4;48387;4;;;
Runnels TX;4;48399;4;;;
Rusk TX;4;48401;4;;;
Shackelford TX;4;48417;4;;;
Stephens TX;4;48429;4;;;
Tyler TX;4;48457;4;;;
Upshur TX;4;48459;4;;;
Van Zandt TX;4;48467;4;;;
Wilbarger TX;4;48487;4;;;
Young TX;4;48503;4;;;
Charlotte VA;4;51037;4;;;
Lee VA;4;51105;4;;;
Washington VA;4;51191;4;;;
Bedford city VA;4;51515;4;;;
Bristol city VA;4;51520;4;;;
Buena Vista city VA;4;51530;4;;;
Colonial Heights city VA;4;51570;4;;;
Covington city VA;4;51580;4;;;
Galax city VA;4;51640;4;;;
Norton city VA;4;51720;4;;;
Roanoke city VA;4;51770;4;;;
Waynesboro city VA;4;51820;4;;;
Washakie WY;4;56043;4;;;
Cherokee AL;5;01019;5;;;
Baxter AR;5;05005;5;;;
Carroll AR;5;05015;5;;;
Clay AR;5;05021;5;;;
Cleburne AR;5;05023;5;;;
Franklin AR;5;05047;5;;;
Fulton AR;5;05049;5;;;
Izard AR;5;05065;5;;;
Lawrence AR;5;05075;5;;;
Marion AR;5;05089;5;;;
Newton AR;5;05101;5;;;
Perry AR;5;05105;5;;;
Polk AR;5;05113;5;;;
Prairie AR;5;05117;5;;;
Randolph AR;5;05121;5;;;
Searcy AR;5;05129;5;;;
Sharp AR;5;05135;5;;;
Stone AR;5;05137;5;;;
Van Buren AR;5;05141;5;;;
Sedgwick CO;5;08115;5;;;
Dixie FL;5;12029;5;;;
Berrien GA;5;13019;5;;;
Fannin GA;5;13111;5;;;
Gilmer GA;5;13123;5;;;
Gordon GA;5;13129;5;;;
Murray GA;5;13213;5;;;
Rabun GA;5;13241;5;;;
Union GA;5;13291;5;;;
White GA;5;13311;5;;;
Boundary ID;5;16021;5;;;
Idaho ID;5;16049;5;;;
Shoshone ID;5;16079;5;;;
Calhoun IL;5;17013;5;;;
Clark IL;5;17023;5;;;
Edwards IL;5;17047;5;;;
Gallatin IL;5;17059;5;;;
Hamilton IL;5;17065;5;;;
Hardin IL;5;17069;5;;;
Henderson IL;5;17071;5;;;
Jo Daviess IL;5;17085;5;;;
Pike IL;5;17149;5;;;
Pope IL;5;17151;5;;;
Wayne IL;5;17191;5;;;
White IL;5;17193;5;;;
Crawford IN;5;18025;5;;;
Elkhart IN;5;18039;5;;;
Jennings IN;5;18079;5;;;
Orange IN;5;18117;5;;;
Owen IN;5;18119;5;;;
Parke IN;5;18121;5;;;
Scott IN;5;18143;5;;;
Shelby IN;5;18145;5;;;
Starke IN;5;18149;5;;;
Steuben IN;5;18151;5;;;
Switzerland IN;5;18155;5;;;
Washington IN;5;18175;5;;;
White IN;5;18181;5;;;
Allamakee IA;5;19005;5;;;
Appanoose IA;5;19007;5;;;
Dickinson IA;5;19059;5;;;
Wayne IA;5;19185;5;;;
Chase KS;5;20017;5;;;
Chautauqua KS;5;20019;5;;;
Elk KS;5;20049;5;;;
Greenwood KS;5;20073;5;;;
Lincoln KS;5;20105;5;;;
Wilson KS;5;20205;5;;;
Woodson KS;5;20207;5;;;
Adair KY;5;21001;5;;;
Allen KY;5;21003;5;;;
Bath KY;5;21011;5;;;
Breathitt KY;5;21025;5;;;
Carlisle KY;5;21039;5;;;
Carter KY;5;21043;5;;;
Casey KY;5;21045;5;;;
Crittenden KY;5;21055;5;;;
Cumberland KY;5;21057;5;;;
Edmonson KY;5;21061;5;;;
Elliott KY;5;21063;5;;;
Estill KY;5;21065;5;;;
Floyd KY;5;21071;5;;;
Harlan KY;5;21095;5;;;
Jackson KY;5;21109;5;;;
Johnson KY;5;21115;5;;;
Knott KY;5;21119;5;;;
Lawrence KY;5;21127;5;;;
Lee KY;5;21129;5;;;
Leslie KY;5;21131;5;;;
Letcher KY;5;21133;5;;;
Lewis KY;5;21135;5;;;
Livingston KY;5;21139;5;;;
McCreary KY;5;21147;5;;;
Magoffin KY;5;21153;5;;;
Marshall KY;5;21157;5;;;
Martin KY;5;21159;5;;;
Menifee KY;5;21165;5;;;
Montgomery KY;5;21173;5;;;
Morgan KY;5;21175;5;;;
Nicholas KY;5;21181;5;;;
Owsley KY;5;21189;5;;;
Perry KY;5;21193;5;;;
Pike KY;5;21195;5;;;
Russell KY;5;21207;5;;;
Wayne KY;5;21231;5;;;
Wolfe KY;5;21237;5;;;
Garrett MD;5;24023;5;;;
Kent MD;5;24029;5;;;
Branch MI;5;26023;5;;;
Cass MI;5;26027;5;;;
Hillsdale MI;5;26059;5;;;
Huron MI;5;26063;5;;;
Ionia MI;5;26067;5;;;
Lenawee MI;5;26091;5;;;
Mason MI;5;26105;5;;;
Missaukee MI;5;26113;5;;;
Montcalm MI;5;26117;5;;;
Newaygo MI;5;26123;5;;;
Osceola MI;5;26133;5;;;
St. Clair MI;5;26147;5;;;
St. Joseph MI;5;26149;5;;;
Sanilac MI;5;26151;5;;;
Shiawassee MI;5;26155;5;;;
Van Buren MI;5;26159;5;;;
Wexford MI;5;26165;5;;;
Becker MN;5;27005;5;;;
Clearwater MN;5;27029;5;;;
Crow Wing MN;5;27035;5;;;
Douglas MN;5;27041;5;;;
Kanabec MN;5;27065;5;;;
Lake MN;5;27075;5;;;
Otter Tail MN;5;27111;5;;;
Pine MN;5;27115;5;;;
Pope MN;5;27121;5;;;
Wadena MN;5;27159;5;;;
Carroll MO;5;29033;5;;;
Carter MO;5;29035;5;;;
Cedar MO;5;29039;5;;;
Crawford MO;5;29055;5;;;
Dade MO;5;29057;5;;;
Dallas MO;5;29059;5;;;
Daviess MO;5;29061;5;;;
Douglas MO;5;29067;5;;;
Gasconade MO;5;29073;5;;;
Gentry MO;5;29075;5;;;
Harrison MO;5;29081;5;;;
Iron MO;5;29093;5;;;
Lewis MO;5;29111;5;;;
Linn MO;5;29115;5;;;
McDonald MO;5;29119;5;;;
Macon MO;5;29121;5;;;
Madison MO;5;29123;5;;;
Maries MO;5;29125;5;;;
Monroe MO;5;29137;5;;;
Montgomery MO;5;29139;5;;;
Oregon MO;5;29149;5;;;
Ozark MO;5;29153;5;;;
Reynolds MO;5;29179;5;;;
Ripley MO;5;29181;5;;;
St. Clair MO;5;29185;5;;;
Ste. Genevieve MO;5;29186;5;;;
Schuyler MO;5;29197;5;;;
Shannon MO;5;29203;5;;;
Shelby MO;5;29205;5;;;
Stoddard MO;5;29207;5;;;
Texas MO;5;29215;5;;;
Washington MO;5;29221;5;;;
Wayne MO;5;29223;5;;;
Lincoln MT;5;30053;5;;;
Mineral MT;5;30061;5;;;
Sanders MT;5;30089;5;;;
Johnson NE;5;31097;5;;;
Lincoln NM;5;35027;5;;;
Lewis NY;5;36049;5;;;
Schuyler NY;5;36097;5;;;
Ashe NC;5;37009;5;;;
Clay NC;5;37043;5;;;
Davidson NC;5;37057;5;;;
Graham NC;5;37075;5;;;
Haywood NC;5;37087;5;;;
Henderson NC;5;37089;5;;;
Macon NC;5;37113;5;;;
Mitchell NC;5;37121;5;;;
Moore NC;5;37125;5;;;
Polk NC;5;37149;5;;;
Randolph NC;5;37151;5;;;
Transylvania NC;5;37175;5;;;
Yancey NC;5;37199;5;;;
Adams OH;5;39001;5;;;
Brown OH;5;39015;5;;;
Champaign OH;5;39021;5;;;
Clinton OH;5;39027;5;;;
Harrison OH;5;39067;5;;;
Highland OH;5;39071;5;;;
Hocking OH;5;39073;5;;;
Huron OH;5;39077;5;;;
Jackson OH;5;39079;5;;;
Lawrence OH;5;39087;5;;;
Logan OH;5;39091;5;;;
Meigs OH;5;39105;5;;;
Monroe OH;5;39111;5;;;
Morgan OH;5;39115;5;;;
Noble OH;5;39121;5;;;
Ottawa OH;5;39123;5;;;
Perry OH;5;39127;5;;;
Pike OH;5;39131;5;;;
Ross OH;5;39141;5;;;
Scioto OH;5;39145;5;;;
Vinton OH;5;39163;5;;;
Delaware OK;5;40041;5;;;
McIntosh OK;5;40091;5;;;
Marshall OK;5;40095;5;;;
Carbon PA;5;42025;5;;;
Greene PA;5;42059;5;;;
Warren PA;5;42123;5;;;
Wayne PA;5;42127;5;;;
Bedford TN;5;47003;5;;;
Bledsoe TN;5;47007;5;;;
Campbell TN;5;47013;5;;;
Cannon TN;5;47015;5;;;
Clay TN;5;47027;5;;;
Cocke TN;5;47029;5;;;
Cumberland TN;5;47035;5;;;
Fentress TN;5;47049;5;;;
Grundy TN;5;47061;5;;;
Hickman TN;5;47081;5;;;
Houston TN;5;47083;5;;;
Jackson TN;5;47087;5;;;
Lewis TN;5;47101;5;;;
Loudon TN;5;47105;5;;;
Macon TN;5;47111;5;;;
Marion TN;5;47115;5;;;
Moore TN;5;47127;5;;;
Perry TN;5;47135;5;;;
Pickett TN;5;47137;5;;;
Scott TN;5;47151;5;;;
Smith TN;5;47159;5;;;
Trousdale TN;5;47169;5;;;
Unicoi TN;5;47171;5;;;
Union TN;5;47173;5;;;
Van Buren TN;5;47175;5;;;
Wayne TN;5;47181;5;;;
White TN;5;47185;5;;;
Aransas TX;5;48007;5;;;
Austin TX;5;48015;5;;;
Bandera TX;5;48019;5;;;
Blanco TX;5;48031;5;;;
Bosque TX;5;48035;5;;;
Burleson TX;5;48051;5;;;
Burnet TX;5;48053;5;;;
Callahan TX;5;48059;5;;;
Coleman TX;5;48083;5;;;
Colorado TX;5;48089;5;;;
Cooke TX;5;48097;5;;;
Fayette TX;5;48149;5;;;
Franklin TX;5;48159;5;;;
Gillespie TX;5;48171;5;;;
Hamilton TX;5;48193;5;;;
Henderson TX;5;48213;5;;;
Hill TX;5;48217;5;;;
Hood TX;5;48221;5;;;
Kerr TX;5;48265;5;;;
Lampasas TX;5;48281;5;;;
Lavaca TX;5;48285;5;;;
Leon TX;5;48289;5;;;
Milam TX;5;48331;5;;;
Montague TX;5;48337;5;;;
Palo Pinto TX;5;48363;5;;;
Rains TX;5;48379;5;;;
Washington TX;5;48477;5;;;
Wood TX;5;48499;5;;;
Bath VA;5;51017;5;;;
Bland VA;5;51021;5;;;
Buchanan VA;5;51027;5;;;
Carroll VA;5;51035;5;;;
Dickenson VA;5;51051;5;;;
Floyd VA;5;51063;5;;;
Franklin VA;5;51067;5;;;
Grayson VA;5;51077;5;;;
Nelson VA;5;51125;5;;;
Page VA;5;51139;5;;;
Patrick VA;5;51141;5;;;
Russell VA;5;51167;5;;;
Scott VA;5;51169;5;;;
Tazewell VA;5;51185;5;;;
Wise VA;5;51195;5;;;
Pend Oreille WA;5;53051;5;;;
Barbour WV;5;54001;5;;;
Boone WV;5;54005;5;;;
Braxton WV;5;54007;5;;;
Calhoun WV;5;54013;5;;;
Clay WV;5;54015;5;;;
Doddridge WV;5;54017;5;;;
Fayette WV;5;54019;5;;;
Hampshire WV;5;54027;5;;;
Hardy WV;5;54031;5;;;
Harrison WV;5;54033;5;;;
Jackson WV;5;54035;5;;;
Lewis WV;5;54041;5;;;
Lincoln WV;5;54043;5;;;
Logan WV;5;54045;5;;;
McDowell WV;5;54047;5;;;
Marion WV;5;54049;5;;;
Mason WV;5;54053;5;;;
Mercer WV;5;54055;5;;;
Mingo WV;5;54059;5;;;
Monroe WV;5;54063;5;;;
Morgan WV;5;54065;5;;;
Nicholas WV;5;54067;5;;;
Pendleton WV;5;54071;5;;;
Pleasants WV;5;54073;5;;;
Preston WV;5;54077;5;;;
Raleigh WV;5;54081;5;;;
Ritchie WV;5;54085;5;;;
Roane WV;5;54087;5;;;
Summers WV;5;54089;5;;;
Taylor WV;5;54091;5;;;
Tyler WV;5;54095;5;;;
Wayne WV;5;54099;5;;;
Webster WV;5;54101;5;;;
Wetzel WV;5;54103;5;;;
Wirt WV;5;54105;5;;;
Wyoming WV;5;54109;5;;;
Barron WI;5;55005;5;;;
Door WI;5;55029;5;;;
Green Lake WI;5;55047;5;;;
Juneau WI;5;55057;5;;;
Langlade WI;5;55067;5;;;
Lincoln WI;5;55069;5;;;
Marinette WI;5;55075;5;;;
Marquette WI;5;55077;5;;;
Oconto WI;5;55083;5;;;
Polk WI;5;55095;5;;;
Price WI;5;55099;5;;;
Rusk WI;5;55107;5;;;
Shawano WI;5;55115;5;;;
Waupaca WI;5;55135;5;;;
Waushara WI;5;55137;5;;;
Coffee AL;6;01031;6;;;
Dale AL;6;01045;6;;;
Anchorage Borough AK;6;02020;6;;;
Bristol Bay Borough AK;6;02060;6;;;
Denali Borough AK;6;02068;6;;;
Fairbanks North Star Borough AK;6;02090;6;;;
Juneau Borough AK;6;02110;6;;;
Ketchikan Gateway Borough AK;6;02130;6;;;
Kodiak Island Borough AK;6;02150;6;;;
Sitka Borough AK;6;02220;6;;;
Southeast Fairbanks Census Area AK;6;02240;6;;;
Valdez-Cordova Census Area AK;6;02261;6;;;
Yakutat Borough;6;02282;6;;;
Cochise AZ;6;04003;6;;;
El Paso CO;6;08041;6;;;
New London CT;6;09011;6;;;
Kent DE;6;10001;6;;;
Baker FL;6;12003;6;;;
Bay FL;6;12005;6;;;
Escambia FL;6;12033;6;;;
Okaloosa FL;6;12091;6;;;
Bryan GA;6;13029;6;;;
Camden GA;6;13039;6;;;
Chattahoochee GA;6;13053;6;;;
Columbia GA;6;13073;6;;;
Glynn GA;6;13127;6;;;
Houston GA;6;13153;6;;;
Lanier GA;6;13173;6;;;
Liberty GA;6;13179;6;;;
Long GA;6;13183;6;;;
Elmore ID;6;16039;6;;;
St. Clair IL;6;17163;6;;;
Geary KS;6;20061;6;;;
Leavenworth KS;6;20103;6;;;
Christian KY;6;21047;6;;;
Hardin KY;6;21093;6;;;
Meade KY;6;21163;6;;;
Bossier Parish LA;6;22015;6;;;
Calcasieu Parish LA;6;22019;6;;;
St. Bernard Parish LA;6;22087;6;;;
Tangipahoa Parish LA;6;22105;6;;;
Vernon Parish LA;6;22115;6;;;
West Baton Rouge Parish LA;6;22121;6;;;
Calvert MD;6;24009;6;;;
Charles MD;6;24017;6;;;
St. Marys MD;6;24037;6;;;
Harrison MS;6;28047;6;;;
Jackson MS;6;28059;6;;;
Stone MS;6;28131;6;;;
Johnson MO;6;29101;6;;;
Pulaski MO;6;29169;6;;;
Cascade MT;6;30013;6;;;
Sarpy NE;6;31153;6;;;
Curry NM;6;35009;6;;;
Otero NM;6;35035;6;;;
Jefferson NY;6;36045;6;;;
Craven NC;6;37049;6;;;
Cumberland NC;6;37051;6;;;
Harnett NC;6;37085;6;;;
Hoke NC;6;37093;6;;;
Onslow NC;6;37133;6;;;
Pasquotank NC;6;37139;6;;;
Wayne NC;6;37191;6;;;
Ward ND;6;38101;6;;;
Comanche OK;6;40031;6;;;
Jackson OK;6;40065;6;;;
Beaufort SC;6;45013;6;;;
Berkeley SC;6;45015;6;;;
Dorchester SC;6;45035;6;;;
Meade SD;6;46093;6;;;
Pennington SD;6;46103;6;;;
Montgomery TN;6;47125;6;;;
Bell TX;6;48027;6;;;
Coryell TX;6;48099;6;;;
Taylor TX;6;48441;6;;;
Tom Green TX;6;48451;6;;;
Wichita TX;6;48485;6;;;
King George VA;6;51099;6;;;
Prince George VA;6;51149;6;;;
Spotsylvania VA;6;51177;6;;;
Stafford VA;6;51179;6;;;
York VA;6;51199;6;;;
Chesapeake city VA;6;51550;6;;;
Suffolk city VA;6;51800;6;;;
Virginia Beach city VA;6;51810;6;;;
Island WA;6;53029;6;;;
Kitsap WA;6;53035;6;;;
Thurston WA;6;53067;6;;;
Laramie WY;6;56021;6;;;
Madison AL;7;01089;7;;;
Pima AZ;7;04019;7;;;
Pulaski AR;7;05119;7;;;
Contra Costa CA;7;06013;7;;;
Marin CA;7;06041;7;;;
Napa CA;7;06055;7;;;
Orange CA;7;06059;7;;;
Riverside CA;7;06065;7;;;
San Bernardino CA;7;06071;7;;;
San Mateo CA;7;06081;7;;;
Santa Barbara CA;7;06083;7;;;
Santa Cruz CA;7;06087;7;;;
Solano CA;7;06095;7;;;
Sonoma CA;7;06097;7;;;
Ventura CA;7;06111;7;;;
Yolo CA;7;06113;7;;;
Arapahoe CO;7;08005;7;;;
Broomfield CO;7;08014;7;;;
Fairfield CT;7;09001;7;;;
Hartford CT;7;09003;7;;;
New Haven CT;7;09009;7;;;
New Castle DE;7;10003;7;;;
Broward FL;7;12011;7;;;
Hillsborough FL;7;12057;7;;;
Orange FL;7;12095;7;;;
Palm Beach FL;7;12099;7;;;
Pinellas FL;7;12103;7;;;
Seminole FL;7;12117;7;;;
Chatham GA;7;13051;7;;;
Cobb GA;7;13067;7;;;
DeKalb GA;7;13089;7;;;
Gwinnett GA;7;13135;7;;;
Honolulu HI;7;15003;7;;;
Kalawao HI;7;15005;7;;;
Kauai HI;7;15007;7;;;
Maui HI;7;15009;7;;;
DuPage IL;7;17043;7;;;
Allen IN;7;18003;7;;;
East Baton Rouge Parish LA;7;22033;7;;;
Lafayette Parish LA;7;22055;7;;;
Baltimore MD;7;24005;7;;;
Howard MD;7;24027;7;;;
Montgomery MD;7;24031;7;;;
Prince Georges MD;7;24033;7;;;
Bristol MA;7;25005;7;;;
Essex MA;7;25009;7;;;
Hampden MA;7;25013;7;;;
Middlesex MA;7;25017;7;;;
Norfolk MA;7;25021;7;;;
Worcester MA;7;25027;7;;;
Kent MI;7;26081;7;;;
Oakland MI;7;26125;7;;;
Madison MS;7;28089;7;;;
St. Louis MO;7;29189;7;;;
Washoe NV;7;32031;7;;;
Atlantic NJ;7;34001;7;;;
Bergen NJ;7;34003;7;;;
Camden NJ;7;34007;7;;;
Essex NJ;7;34013;7;;;
Hudson NJ;7;34017;7;;;
Mercer NJ;7;34021;7;;;
Middlesex NJ;7;34023;7;;;
Monmouth NJ;7;34025;7;;;
Morris NJ;7;34027;7;;;
Passaic NJ;7;34031;7;;;
Somerset NJ;7;34035;7;;;
Union NJ;7;34039;7;;;
Los Alamos NM;7;35028;7;;;
Santa Fe NM;7;35049;7;;;
Erie NY;7;36029;7;;;
Monroe NY;7;36055;7;;;
Nassau NY;7;36059;7;;;
Onondaga NY;7;36067;7;;;
Orange NY;7;36071;7;;;
Putnam NY;7;36079;7;;;
Rockland NY;7;36087;7;;;
Suffolk NY;7;36103;7;;;
Westchester NY;7;36119;7;;;
Durham NC;7;37063;7;;;
Forsyth NC;7;37067;7;;;
Guilford NC;7;37081;7;;;
Hamilton OH;7;39061;7;;;
Lucas OH;7;39095;7;;;
Montgomery OH;7;39113;7;;;
Washington OR;7;41067;7;;;
Allegheny PA;7;42003;7;;;
Delaware PA;7;42045;7;;;
Montgomery PA;7;42091;7;;;
Providence RI;7;44007;7;;;
Charleston SC;7;45019;7;;;
Greenville SC;7;45045;7;;;
Hamilton TN;7;47065;7;;;
Gregg TX;7;48183;7;;;
Smith TX;7;48423;7;;;
Arlington VA;7;51013;7;;;
Fairfax VA;7;51059;7;;;
Henrico VA;7;51087;7;;;
Loudoun VA;7;51107;7;;;
Alexandria city VA;7;51510;7;;;
Fairfax city VA;7;51600;7;;;
Falls Church city VA;7;51610;7;;;
Manassas city VA;7;51683;7;;;
Manassas Park city VA;7;51685;7;;;
Clark WA;7;53011;7;;;
Pierce WA;7;53053;7;;;
Snohomish WA;7;53061;7;;;
Santa Cruz AZ;8;04023;8;;;
Yuma AZ;8;04027;8;;;
Sevier AR;8;05133;8;;;
Yell AR;8;05149;8;;;
Colusa CA;8;06011;8;;;
Fresno CA;8;06019;8;;;
Glenn CA;8;06021;8;;;
Imperial CA;8;06025;8;;;
Kern CA;8;06029;8;;;
Kings CA;8;06031;8;;;
Madera CA;8;06039;8;;;
Merced CA;8;06047;8;;;
Monterey CA;8;06053;8;;;
San Benito CA;8;06069;8;;;
San Joaquin CA;8;06077;8;;;
Stanislaus CA;8;06099;8;;;
Sutter CA;8;06101;8;;;
Tulare CA;8;06107;8;;;
Conejos CO;8;08021;8;;;
Costilla CO;8;08023;8;;;
Kit Carson CO;8;08063;8;;;
Phillips CO;8;08095;8;;;
Rio Grande CO;8;08105;8;;;
Saguache CO;8;08109;8;;;
Yuma CO;8;08125;8;;;
DeSoto FL;8;12027;8;;;
Hardee FL;8;12049;8;;;
Hendry FL;8;12051;8;;;
Osceola FL;8;12097;8;;;
Atkinson GA;8;13003;8;;;
Echols GA;8;13101;8;;;
Hall GA;8;13139;8;;;
Whitfield GA;8;13313;8;;;
Cassia ID;8;16031;8;;;
Clark ID;8;16033;8;;;
Gooding ID;8;16047;8;;;
Jerome ID;8;16053;8;;;
Minidoka ID;8;16067;8;;;
Owyhee ID;8;16073;8;;;
Power ID;8;16077;8;;;
Cass IL;8;17017;8;;;
Buena Vista IA;8;19021;8;;;
Crawford IA;8;19047;8;;;
Finney KS;8;20055;8;;;
Ford KS;8;20057;8;;;
Grant KS;8;20067;8;;;
Hamilton KS;8;20075;8;;;
Haskell KS;8;20081;8;;;
Kearny KS;8;20093;8;;;
Seward KS;8;20175;8;;;
Stanton KS;8;20187;8;;;
Stevens KS;8;20189;8;;;
Wichita KS;8;20203;8;;;
Nobles MN;8;27105;8;;;
Watonwan MN;8;27165;8;;;
Sullivan MO;8;29211;8;;;
Colfax NE;8;31037;8;;;
Dakota NE;8;31043;8;;;
Dawson NE;8;31047;8;;;
Saline NE;8;31151;8;;;
Cumberland NJ;8;34011;8;;;
Chaves NM;8;35005;8;;;
Cibola NM;8;35006;8;;;
Dona Ana NM;8;35013;8;;;
Eddy NM;8;35015;8;;;
Guadalupe NM;8;35019;8;;;
Hidalgo NM;8;35023;8;;;
Lea NM;8;35025;8;;;
Luna NM;8;35029;8;;;
Rio Arriba NM;8;35039;8;;;
San Miguel NM;8;35047;8;;;
Socorro NM;8;35053;8;;;
Taos NM;8;35055;8;;;
Union NM;8;35059;8;;;
Valencia NM;8;35061;8;;;
Texas OK;8;40139;8;;;
Hood River OR;8;41027;8;;;
Morrow OR;8;41049;8;;;
Andrews TX;8;48003;8;;;
Atascosa TX;8;48013;8;;;
Bailey TX;8;48017;8;;;
Bee TX;8;48025;8;;;
Brooks TX;8;48047;8;;;
Caldwell TX;8;48055;8;;;
Calhoun TX;8;48057;8;;;
Cameron TX;8;48061;8;;;
Castro TX;8;48069;8;;;
Cochran TX;8;48079;8;;;
Collingsworth TX;8;48087;8;;;
Concho TX;8;48095;8;;;
Crane TX;8;48103;8;;;
Crosby TX;8;48107;8;;;
Culberson TX;8;48109;8;;;
Dallam TX;8;48111;8;;;
Deaf Smith TX;8;48117;8;;;
Dimmit TX;8;48127;8;;;
Duval TX;8;48131;8;;;
Ector TX;8;48135;8;;;
Edwards TX;8;48137;8;;;
El Paso TX;8;48141;8;;;
Floyd TX;8;48153;8;;;
Frio TX;8;48163;8;;;
Gaines TX;8;48165;8;;;
Garza TX;8;48169;8;;;
Gonzales TX;8;48177;8;;;
Hale TX;8;48189;8;;;
Hall TX;8;48191;8;;;
Hansford TX;8;48195;8;;;
Hidalgo TX;8;48215;8;;;
Hockley TX;8;48219;8;;;
Hudspeth TX;8;48229;8;;;
Jim Hogg TX;8;48247;8;;;
Jim Wells TX;8;48249;8;;;
Kenedy TX;8;48261;8;;;
Kinney TX;8;48271;8;;;
Kleberg TX;8;48273;8;;;
Lamb TX;8;48279;8;;;
La Salle TX;8;48283;8;;;
Lipscomb TX;8;48295;8;;;
Lynn TX;8;48305;8;;;
Martin TX;8;48317;8;;;
Matagorda TX;8;48321;8;;;
Maverick TX;8;48323;8;;;
Medina TX;8;48325;8;;;
Midland TX;8;48329;8;;;
Moore TX;8;48341;8;;;
Nueces TX;8;48355;8;;;
Ochiltree TX;8;48357;8;;;
Parmer TX;8;48369;8;;;
Pecos TX;8;48371;8;;;
Potter TX;8;48375;8;;;
Presidio TX;8;48377;8;;;
Reagan TX;8;48383;8;;;
Reeves TX;8;48389;8;;;
Refugio TX;8;48391;8;;;
San Patricio TX;8;48409;8;;;
Schleicher TX;8;48413;8;;;
Scurry TX;8;48415;8;;;
Sherman TX;8;48421;8;;;
Starr TX;8;48427;8;;;
Sterling TX;8;48431;8;;;
Sutton TX;8;48435;8;;;
Swisher TX;8;48437;8;;;
Titus TX;8;48449;8;;;
Upton TX;8;48461;8;;;
Uvalde TX;8;48463;8;;;
Val Verde TX;8;48465;8;;;
Victoria TX;8;48469;8;;;
Waller TX;8;48473;8;;;
Ward TX;8;48475;8;;;
Webb TX;8;48479;8;;;
Wharton TX;8;48481;8;;;
Willacy TX;8;48489;8;;;
Yoakum TX;8;48501;8;;;
Zapata TX;8;48505;8;;;
Zavala TX;8;48507;8;;;
Adams WA;8;53001;8;;;
Douglas WA;8;53017;8;;;
Franklin WA;8;53021;8;;;
Grant WA;8;53025;8;;;
Yakima WA;8;53077;8;;;
Aleutians East Borough AK;9;02013;9;;;
Aleutians West Census Area AK;9;02016;9;;;
Bethel Census Area AK;9;02050;9;;;
Dillingham Census Area AK;9;02070;9;;;
Lake and Peninsula Borough AK;9;02164;9;;;
Nome Census Area AK;9;02180;9;;;
North Slope Borough AK;9;02185;9;;;
Northwest Arctic Borough AK;9;02188;9;;;
Wade Hampton Census Area AK;9;02270;9;;;
Yukon-Koyukuk Census Area AK;9;02290;9;;;
Apache AZ;9;04001;9;;;
Graham AZ;9;04009;9;;;
Navajo AZ;9;04017;9;;;
Mahnomen MN;9;27087;9;;;
Big Horn MT;9;30003;9;;;
Blaine MT;9;30005;9;;;
Chouteau MT;9;30015;9;;;
Glacier MT;9;30035;9;;;
Roosevelt MT;9;30085;9;;;
Rosebud MT;9;30087;9;;;
Thurston NE;9;31173;9;;;
Mineral NV;9;32021;9;;;
McKinley NM;9;35031;9;;;
San Juan NM;9;35045;9;;;
Robeson NC;9;37155;9;;;
Benson ND;9;38005;9;;;
Rolette ND;9;38079;9;;;
Sioux ND;9;38085;9;;;
Adair OK;9;40001;9;;;
Bennett SD;9;46007;9;;;
Buffalo SD;9;46017;9;;;
Charles Mix SD;9;46023;9;;;
Corson SD;9;46031;9;;;
Dewey SD;9;46041;9;;;
Jackson SD;9;46071;9;;;
Lyman SD;9;46085;9;;;
Mellette SD;9;46095;9;;;
Roberts SD;9;46109;9;;;
Shannon SD;9;46113;9;;;
Todd SD;9;46121;9;;;
Ziebach SD;9;46137;9;;;
San Juan UT;9;49037;9;;;
Menominee WI;9;55078;9;;;
Petersburg Census Area ;10;02195;10;;;
Wrangell City and Borough ;10;02275;10;;;
Madison AR;10;05087;10;;;
Baca CO;10;08009;10;;;
Cheyenne CO;10;08017;10;;;
Logan CO;10;08075;10;;;
Washington CO;10;08121;10;;;
Dade GA;10;13083;10;;;
Nez Perce ID;10;16069;10;;;
Bond IL;10;17005;10;;;
Bureau IL;10;17011;10;;;
Carroll IL;10;17015;10;;;
Christian IL;10;17021;10;;;
Clinton IL;10;17027;10;;;
Crawford IL;10;17033;10;;;
Cumberland IL;10;17035;10;;;
De Witt IL;10;17039;10;;;
Douglas IL;10;17041;10;;;
Edgar IL;10;17045;10;;;
Effingham IL;10;17049;10;;;
Fayette IL;10;17051;10;;;
Ford IL;10;17053;10;;;
Fulton IL;10;17057;10;;;
Greene IL;10;17061;10;;;
Hancock IL;10;17067;10;;;
Henry IL;10;17073;10;;;
Iroquois IL;10;17075;10;;;
Jasper IL;10;17079;10;;;
Jersey IL;10;17083;10;;;
Kankakee IL;10;17091;10;;;
Knox IL;10;17095;10;;;
La Salle IL;10;17099;10;;;
Lawrence IL;10;17101;10;;;
Lee IL;10;17103;10;;;
Livingston IL;10;17105;10;;;
Logan IL;10;17107;10;;;
Macon IL;10;17115;10;;;
Macoupin IL;10;17117;10;;;
Marshall IL;10;17123;10;;;
Mason IL;10;17125;10;;;
Menard IL;10;17129;10;;;
Mercer IL;10;17131;10;;;
Monroe IL;10;17133;10;;;
Montgomery IL;10;17135;10;;;
Morgan IL;10;17137;10;;;
Moultrie IL;10;17139;10;;;
Ogle IL;10;17141;10;;;
Piatt IL;10;17147;10;;;
Putnam IL;10;17155;10;;;
Richland IL;10;17159;10;;;
Schuyler IL;10;17169;10;;;
Scott IL;10;17171;10;;;
Shelby IL;10;17173;10;;;
Stark IL;10;17175;10;;;
Tazewell IL;10;17179;10;;;
Vermilion IL;10;17183;10;;;
Wabash IL;10;17185;10;;;
Warren IL;10;17187;10;;;
Washington IL;10;17189;10;;;
Whiteside IL;10;17195;10;;;
Woodford IL;10;17203;10;;;
Bartholomew IN;10;18005;10;;;
Benton IN;10;18007;10;;;
Blackford IN;10;18009;10;;;
Boone IN;10;18011;10;;;
Carroll IN;10;18015;10;;;
Cass IN;10;18017;10;;;
Clay IN;10;18021;10;;;
Clinton IN;10;18023;10;;;
Dearborn IN;10;18029;10;;;
Decatur IN;10;18031;10;;;
De Kalb IN;10;18033;10;;;
Dubois IN;10;18037;10;;;
Fayette IN;10;18041;10;;;
Fountain IN;10;18045;10;;;
Franklin IN;10;18047;10;;;
Fulton IN;10;18049;10;;;
Gibson IN;10;18051;10;;;
Grant IN;10;18053;10;;;
Greene IN;10;18055;10;;;
Harrison IN;10;18061;10;;;
Henry IN;10;18065;10;;;
Huntington IN;10;18069;10;;;
Jackson IN;10;18071;10;;;
Jasper IN;10;18073;10;;;
Jay IN;10;18075;10;;;
Jefferson IN;10;18077;10;;;
Knox IN;10;18083;10;;;
Kosciusko IN;10;18085;10;;;
La Porte IN;10;18091;10;;;
Lawrence IN;10;18093;10;;;
Marshall IN;10;18099;10;;;
Martin IN;10;18101;10;;;
Miami IN;10;18103;10;;;
Montgomery IN;10;18107;10;;;
Morgan IN;10;18109;10;;;
Newton IN;10;18111;10;;;
Noble IN;10;18113;10;;;
Ohio IN;10;18115;10;;;
Perry IN;10;18123;10;;;
Pike IN;10;18125;10;;;
Posey IN;10;18129;10;;;
Pulaski IN;10;18131;10;;;
Putnam IN;10;18133;10;;;
Randolph IN;10;18135;10;;;
Ripley IN;10;18137;10;;;
Rush IN;10;18139;10;;;
Spencer IN;10;18147;10;;;
Tipton IN;10;18159;10;;;
Union IN;10;18161;10;;;
Vermillion IN;10;18165;10;;;
Wabash IN;10;18169;10;;;
Warren IN;10;18171;10;;;
Warrick IN;10;18173;10;;;
Wayne IN;10;18177;10;;;
Wells IN;10;18179;10;;;
Whitley IN;10;18183;10;;;
Adair IA;10;19001;10;;;
Adams IA;10;19003;10;;;
Benton IA;10;19011;10;;;
Boone IA;10;19015;10;;;
Bremer IA;10;19017;10;;;
Buchanan IA;10;19019;10;;;
Butler IA;10;19023;10;;;
Carroll IA;10;19027;10;;;
Cass IA;10;19029;10;;;
Cedar IA;10;19031;10;;;
Cerro Gordo IA;10;19033;10;;;
Chickasaw IA;10;19037;10;;;
Clarke IA;10;19039;10;;;
Clay IA;10;19041;10;;;
Clayton IA;10;19043;10;;;
Clinton IA;10;19045;10;;;
Decatur IA;10;19053;10;;;
Delaware IA;10;19055;10;;;
Des Moines IA;10;19057;10;;;
Dubuque IA;10;19061;10;;;
Emmet IA;10;19063;10;;;
Fayette IA;10;19065;10;;;
Floyd IA;10;19067;10;;;
Franklin IA;10;19069;10;;;
Fremont IA;10;19071;10;;;
Greene IA;10;19073;10;;;
Grundy IA;10;19075;10;;;
Guthrie IA;10;19077;10;;;
Hamilton IA;10;19079;10;;;
Hancock IA;10;19081;10;;;
Hardin IA;10;19083;10;;;
Harrison IA;10;19085;10;;;
Henry IA;10;19087;10;;;
Howard IA;10;19089;10;;;
Humboldt IA;10;19091;10;;;
Ida IA;10;19093;10;;;
Iowa IA;10;19095;10;;;
Jackson IA;10;19097;10;;;
Jasper IA;10;19099;10;;;
Jefferson IA;10;19101;10;;;
Jones IA;10;19105;10;;;
Keokuk IA;10;19107;10;;;
Lee IA;10;19111;10;;;
Louisa IA;10;19115;10;;;
Lucas IA;10;19117;10;;;
Lyon IA;10;19119;10;;;
Madison IA;10;19121;10;;;
Mahaska IA;10;19123;10;;;
Marion IA;10;19125;10;;;
Marshall IA;10;19127;10;;;
Mills IA;10;19129;10;;;
Mitchell IA;10;19131;10;;;
Monona IA;10;19133;10;;;
Monroe IA;10;19135;10;;;
Montgomery IA;10;19137;10;;;
Muscatine IA;10;19139;10;;;
OBrien IA;10;19141;10;;;
Osceola IA;10;19143;10;;;
Page IA;10;19145;10;;;
Palo Alto IA;10;19147;10;;;
Plymouth IA;10;19149;10;;;
Pocahontas IA;10;19151;10;;;
Pottawattamie IA;10;19155;10;;;
Poweshiek IA;10;19157;10;;;
Shelby IA;10;19165;10;;;
Sioux IA;10;19167;10;;;
Tama IA;10;19171;10;;;
Taylor IA;10;19173;10;;;
Union IA;10;19175;10;;;
Van Buren IA;10;19177;10;;;
Wapello IA;10;19179;10;;;
Warren IA;10;19181;10;;;
Washington IA;10;19183;10;;;
Webster IA;10;19187;10;;;
Winnebago IA;10;19189;10;;;
Winneshiek IA;10;19191;10;;;
Woodbury IA;10;19193;10;;;
Worth IA;10;19195;10;;;
Wright IA;10;19197;10;;;
Allen KS;10;20001;10;;;
Anderson KS;10;20003;10;;;
Atchison KS;10;20005;10;;;
Barber KS;10;20007;10;;;
Barton KS;10;20009;10;;;
Bourbon KS;10;20011;10;;;
Brown KS;10;20013;10;;;
Butler KS;10;20015;10;;;
Cherokee KS;10;20021;10;;;
Clark KS;10;20025;10;;;
Clay KS;10;20027;10;;;
Cloud KS;10;20029;10;;;
Coffey KS;10;20031;10;;;
Dickinson KS;10;20041;10;;;
Doniphan KS;10;20043;10;;;
Edwards KS;10;20047;10;;;
Ellsworth KS;10;20053;10;;;
Franklin KS;10;20059;10;;;
Gray KS;10;20069;10;;;
Greeley KS;10;20071;10;;;
Harper KS;10;20077;10;;;
Harvey KS;10;20079;10;;;
Jackson KS;10;20085;10;;;
Jefferson KS;10;20087;10;;;
Kingman KS;10;20095;10;;;
Kiowa KS;10;20097;10;;;
Linn KS;10;20107;10;;;
McPherson KS;10;20113;10;;;
Marion KS;10;20115;10;;;
Marshall KS;10;20117;10;;;
Meade KS;10;20119;10;;;
Miami KS;10;20121;10;;;
Mitchell KS;10;20123;10;;;
Morris KS;10;20127;10;;;
Morton KS;10;20129;10;;;
Nemaha KS;10;20131;10;;;
Neosho KS;10;20133;10;;;
Norton KS;10;20137;10;;;
Osage KS;10;20139;10;;;
Ottawa KS;10;20143;10;;;
Pawnee KS;10;20145;10;;;
Pottawatomie KS;10;20149;10;;;
Pratt KS;10;20151;10;;;
Reno KS;10;20155;10;;;
Rice KS;10;20159;10;;;
Rooks KS;10;20163;10;;;
Saline KS;10;20169;10;;;
Sherman KS;10;20181;10;;;
Sumner KS;10;20191;10;;;
Thomas KS;10;20193;10;;;
Wabaunsee KS;10;20197;10;;;
Fleming KY;10;21069;10;;;
Greenup KY;10;21089;10;;;
Trimble KY;10;21223;10;;;
Woodford KY;10;21239;10;;;
Kennebec ME;10;23011;10;;;
Penobscot ME;10;23019;10;;;
Sagadahoc ME;10;23023;10;;;
York ME;10;23031;10;;;
Allegany MD;10;24001;10;;;
Berkshire MA;10;25003;10;;;
Franklin MA;10;25011;10;;;
Allegan MI;10;26005;10;;;
Alpena MI;10;26007;10;;;
Barry MI;10;26015;10;;;
Bay MI;10;26017;10;;;
Berrien MI;10;26021;10;;;
Calhoun MI;10;26025;10;;;
Delta MI;10;26041;10;;;
Dickinson MI;10;26043;10;;;
Eaton MI;10;26045;10;;;
Emmet MI;10;26047;10;;;
Grand Traverse MI;10;26055;10;;;
Gratiot MI;10;26057;10;;;
Lapeer MI;10;26087;10;;;
Marquette MI;10;26103;10;;;
Menominee MI;10;26109;10;;;
Midland MI;10;26111;10;;;
Muskegon MI;10;26121;10;;;
Ottawa MI;10;26139;10;;;
Tuscola MI;10;26157;10;;;
Benton MN;10;27009;10;;;
Brown MN;10;27015;10;;;
Carlton MN;10;27017;10;;;
Chippewa MN;10;27023;10;;;
Cottonwood MN;10;27033;10;;;
Dodge MN;10;27039;10;;;
Faribault MN;10;27043;10;;;
Fillmore MN;10;27045;10;;;
Freeborn MN;10;27047;10;;;
Goodhue MN;10;27049;10;;;
Grant MN;10;27051;10;;;
Houston MN;10;27055;10;;;
Jackson MN;10;27063;10;;;
Kandiyohi MN;10;27067;10;;;
Le Sueur MN;10;27079;10;;;
Lyon MN;10;27083;10;;;
McLeod MN;10;27085;10;;;
Marshall MN;10;27089;10;;;
Martin MN;10;27091;10;;;
Meeker MN;10;27093;10;;;
Morrison MN;10;27097;10;;;
Mower MN;10;27099;10;;;
Murray MN;10;27101;10;;;
Pennington MN;10;27113;10;;;
Pipestone MN;10;27117;10;;;
Polk MN;10;27119;10;;;
Red Lake MN;10;27125;10;;;
Redwood MN;10;27127;10;;;
Renville MN;10;27129;10;;;
Rock MN;10;27133;10;;;
Roseau MN;10;27135;10;;;
St. Louis MN;10;27137;10;;;
Sibley MN;10;27143;10;;;
Steele MN;10;27147;10;;;
Todd MN;10;27153;10;;;
Wabasha MN;10;27157;10;;;
Waseca MN;10;27161;10;;;
Wilkin MN;10;27167;10;;;
Yellow Medicine MN;10;27173;10;;;
Andrew MO;10;29003;10;;;
Audrain MO;10;29007;10;;;
Barton MO;10;29011;10;;;
Bates MO;10;29013;10;;;
Bollinger MO;10;29017;10;;;
Caldwell MO;10;29025;10;;;
Clark MO;10;29045;10;;;
Franklin MO;10;29071;10;;;
Howell MO;10;29091;10;;;
Marion MO;10;29127;10;;;
Osage MO;10;29151;10;;;
Perry MO;10;29157;10;;;
Polk MO;10;29167;10;;;
Putnam MO;10;29171;10;;;
Ralls MO;10;29173;10;;;
Ray MO;10;29177;10;;;
Scotland MO;10;29199;10;;;
Custer MT;10;30017;10;;;
Dawson MT;10;30021;10;;;
Fergus MT;10;30027;10;;;
Pondera MT;10;30073;10;;;
Silver Bow MT;10;30093;10;;;
Teton MT;10;30099;10;;;
Toole MT;10;30101;10;;;
Valley MT;10;30105;10;;;
Yellowstone MT;10;30111;10;;;
Adams NE;10;31001;10;;;
Antelope NE;10;31003;10;;;
Boone NE;10;31011;10;;;
Box Butte NE;10;31013;10;;;
Butler NE;10;31023;10;;;
Cass NE;10;31025;10;;;
Cedar NE;10;31027;10;;;
Cherry NE;10;31031;10;;;
Cheyenne NE;10;31033;10;;;
Clay NE;10;31035;10;;;
Cuming NE;10;31039;10;;;
Custer NE;10;31041;10;;;
Dixon NE;10;31051;10;;;
Dodge NE;10;31053;10;;;
Fillmore NE;10;31059;10;;;
Gage NE;10;31067;10;;;
Hall NE;10;31079;10;;;
Hamilton NE;10;31081;10;;;
Hitchcock NE;10;31087;10;;;
Holt NE;10;31089;10;;;
Howard NE;10;31093;10;;;
Kearney NE;10;31099;10;;;
Kimball NE;10;31105;10;;;
Lincoln NE;10;31111;10;;;
Madison NE;10;31119;10;;;
Merrick NE;10;31121;10;;;
Nemaha NE;10;31127;10;;;
Otoe NE;10;31131;10;;;
Perkins NE;10;31135;10;;;
Phelps NE;10;31137;10;;;
Pierce NE;10;31139;10;;;
Platte NE;10;31141;10;;;
Polk NE;10;31143;10;;;
Red Willow NE;10;31145;10;;;
Richardson NE;10;31147;10;;;
Saunders NE;10;31155;10;;;
Scotts Bluff NE;10;31157;10;;;
Seward NE;10;31159;10;;;
Stanton NE;10;31167;10;;;
Washington NE;10;31177;10;;;
York NE;10;31185;10;;;
Belknap NH;10;33001;10;;;
Grafton NH;10;33009;10;;;
Sullivan NH;10;33019;10;;;
Allegany NY;10;36003;10;;;
Cattaraugus NY;10;36009;10;;;
Cayuga NY;10;36011;10;;;
Chautauqua NY;10;36013;10;;;
Chenango NY;10;36017;10;;;
Columbia NY;10;36021;10;;;
Cortland NY;10;36023;10;;;
Fulton NY;10;36035;10;;;
Genesee NY;10;36037;10;;;
Herkimer NY;10;36043;10;;;
Livingston NY;10;36051;10;;;
Madison NY;10;36053;10;;;
Montgomery NY;10;36057;10;;;
Niagara NY;10;36063;10;;;
Oneida NY;10;36065;10;;;
Ontario NY;10;36069;10;;;
Orleans NY;10;36073;10;;;
Oswego NY;10;36075;10;;;
Otsego NY;10;36077;10;;;
Schoharie NY;10;36095;10;;;
Seneca NY;10;36099;10;;;
Steuben NY;10;36101;10;;;
Tioga NY;10;36107;10;;;
Warren NY;10;36113;10;;;
Washington NY;10;36115;10;;;
Wayne NY;10;36117;10;;;
Wyoming NY;10;36121;10;;;
Yates NY;10;36123;10;;;
Davie NC;10;37059;10;;;
Stokes NC;10;37169;10;;;
Barnes ND;10;38003;10;;;
Dickey ND;10;38021;10;;;
McKenzie ND;10;38053;10;;;
Morton ND;10;38059;10;;;
Oliver ND;10;38065;10;;;
Pembina ND;10;38067;10;;;
Ramsey ND;10;38071;10;;;
Richland ND;10;38077;10;;;
Stark ND;10;38089;10;;;
Stutsman ND;10;38093;10;;;
Traill ND;10;38097;10;;;
Ashland OH;10;39005;10;;;
Ashtabula OH;10;39007;10;;;
Auglaize OH;10;39011;10;;;
Belmont OH;10;39013;10;;;
Carroll OH;10;39019;10;;;
Columbiana OH;10;39029;10;;;
Coshocton OH;10;39031;10;;;
Crawford OH;10;39033;10;;;
Darke OH;10;39037;10;;;
Defiance OH;10;39039;10;;;
Erie OH;10;39043;10;;;
Fayette OH;10;39047;10;;;
Fulton OH;10;39051;10;;;
Gallia OH;10;39053;10;;;
Guernsey OH;10;39059;10;;;
Hancock OH;10;39063;10;;;
Hardin OH;10;39065;10;;;
Henry OH;10;39069;10;;;
Jefferson OH;10;39081;10;;;
Knox OH;10;39083;10;;;
Madison OH;10;39097;10;;;
Marion OH;10;39101;10;;;
Mercer OH;10;39107;10;;;
Morrow OH;10;39117;10;;;
Muskingum OH;10;39119;10;;;
Paulding OH;10;39125;10;;;
Pickaway OH;10;39129;10;;;
Preble OH;10;39135;10;;;
Putnam OH;10;39137;10;;;
Sandusky OH;10;39143;10;;;
Seneca OH;10;39147;10;;;
Shelby OH;10;39149;10;;;
Tuscarawas OH;10;39157;10;;;
Van Wert OH;10;39161;10;;;
Washington OH;10;39167;10;;;
Wayne OH;10;39169;10;;;
Williams OH;10;39171;10;;;
Wyandot OH;10;39175;10;;;
Blaine OK;10;40011;10;;;
Garfield OK;10;40047;10;;;
Greer OK;10;40055;10;;;
Columbia OR;10;41009;10;;;
Deschutes OR;10;41017;10;;;
Sherman OR;10;41055;10;;;
Adams PA;10;42001;10;;;
Armstrong PA;10;42005;10;;;
Bedford PA;10;42009;10;;;
Bradford PA;10;42015;10;;;
Cambria PA;10;42021;10;;;
Clarion PA;10;42031;10;;;
Clearfield PA;10;42033;10;;;
Clinton PA;10;42035;10;;;
Columbia PA;10;42037;10;;;
Crawford PA;10;42039;10;;;
Elk PA;10;42047;10;;;
Erie PA;10;42049;10;;;
Fayette PA;10;42051;10;;;
Franklin PA;10;42055;10;;;
Fulton PA;10;42057;10;;;
Indiana PA;10;42063;10;;;
Jefferson PA;10;42065;10;;;
Juniata PA;10;42067;10;;;
Lycoming PA;10;42081;10;;;
Mc Kean PA;10;42083;10;;;
Mercer PA;10;42085;10;;;
Mifflin PA;10;42087;10;;;
Montour PA;10;42093;10;;;
Northumberland PA;10;42097;10;;;
Perry PA;10;42099;10;;;
Schuylkill PA;10;42107;10;;;
Snyder PA;10;42109;10;;;
Somerset PA;10;42111;10;;;
Susquehanna PA;10;42115;10;;;
Tioga PA;10;42117;10;;;
Union PA;10;42119;10;;;
Venango PA;10;42121;10;;;
Wyoming PA;10;42131;10;;;
Aurora SD;10;46003;10;;;
Beadle SD;10;46005;10;;;
Bon Homme SD;10;46009;10;;;
Brown SD;10;46013;10;;;
Brule SD;10;46015;10;;;
Codington SD;10;46029;10;;;
Davison SD;10;46035;10;;;
Deuel SD;10;46039;10;;;
Edmunds SD;10;46045;10;;;
Grant SD;10;46051;10;;;
Hamlin SD;10;46057;10;;;
Hanson SD;10;46061;10;;;
Hughes SD;10;46065;10;;;
Lake SD;10;46079;10;;;
Lawrence SD;10;46081;10;;;
McCook SD;10;46087;10;;;
Minnehaha SD;10;46099;10;;;
Moody SD;10;46101;10;;;
Sanborn SD;10;46111;10;;;
Stanley SD;10;46117;10;;;
Sully SD;10;46119;10;;;
Tripp SD;10;46123;10;;;
Turner SD;10;46125;10;;;
Union SD;10;46127;10;;;
Yankton SD;10;46135;10;;;
Maury TN;10;47119;10;;;
Overton TN;10;47133;10;;;
Hartley TX;10;48205;10;;;
Oldham TX;10;48359;10;;;
Roberts TX;10;48393;10;;;
Somervell TX;10;48425;10;;;
Wheeler TX;10;48483;10;;;
Addison VT;10;50001;10;;;
Bennington VT;10;50003;10;;;
Caledonia VT;10;50005;10;;;
Franklin VT;10;50011;10;;;
Lamoille VT;10;50015;10;;;
Orange VT;10;50017;10;;;
Rutland VT;10;50021;10;;;
Washington VT;10;50023;10;;;
Windham VT;10;50025;10;;;
Windsor VT;10;50027;10;;;
Alleghany VA;10;51005;10;;;
Augusta VA;10;51015;10;;;
Bedford VA;10;51019;10;;;
Botetourt VA;10;51023;10;;;
Craig VA;10;51045;10;;;
Giles VA;10;51071;10;;;
Gloucester VA;10;51073;10;;;
Pulaski VA;10;51155;10;;;
Rockingham VA;10;51165;10;;;
Shenandoah VA;10;51171;10;;;
Smyth VA;10;51173;10;;;
Wythe VA;10;51197;10;;;
Asotin WA;10;53003;10;;;
Lincoln WA;10;53043;10;;;
Grant WV;10;54023;10;;;
Kanawha WV;10;54039;10;;;
Marshall WV;10;54051;10;;;
Mineral WV;10;54057;10;;;
Putnam WV;10;54079;10;;;
Upshur WV;10;54097;10;;;
Ashland WI;10;55003;10;;;
Buffalo WI;10;55011;10;;;
Calumet WI;10;55015;10;;;
Chippewa WI;10;55017;10;;;
Clark WI;10;55019;10;;;
Columbia WI;10;55021;10;;;
Crawford WI;10;55023;10;;;
Dodge WI;10;55027;10;;;
Douglas WI;10;55031;10;;;
Fond du Lac WI;10;55039;10;;;
Grant WI;10;55043;10;;;
Green WI;10;55045;10;;;
Iowa WI;10;55049;10;;;
Jackson WI;10;55053;10;;;
Jefferson WI;10;55055;10;;;
Kewaunee WI;10;55061;10;;;
Lafayette WI;10;55065;10;;;
Manitowoc WI;10;55071;10;;;
Marathon WI;10;55073;10;;;
Monroe WI;10;55081;10;;;
Pepin WI;10;55091;10;;;
Richland WI;10;55103;10;;;
Sauk WI;10;55111;10;;;
Sheboygan WI;10;55117;10;;;
Taylor WI;10;55119;10;;;
Trempealeau WI;10;55121;10;;;
Vernon WI;10;55123;10;;;
Wood WI;10;55141;10;;;
Goshen WY;10;56015;10;;;
Hot Springs WY;10;56017;10;;;
Natrona WY;10;56025;10;;;
Niobrara WY;10;56027;10;;;
Platte WY;10;56031;10;;;
Coconino AZ;11;04005;11;;;
Clark AR;11;05019;11;;;
Craighead AR;11;05031;11;;;
Faulkner AR;11;05045;11;;;
Washington AR;11;05143;11;;;
Butte CA;11;06007;11;;;
Humboldt CA;11;06023;11;;;
San Luis Obispo CA;11;06079;11;;;
Shasta CA;11;06089;11;;;
Boulder CO;11;08013;11;;;
Gunnison CO;11;08051;11;;;
La Plata CO;11;08067;11;;;
Larimer CO;11;08069;11;;;
Tolland CT;11;09013;11;;;
Alachua FL;11;12001;11;;;
Leon FL;11;12073;11;;;
Carroll GA;11;13045;11;;;
Clarke GA;11;13059;11;;;
Latah ID;11;16057;11;;;
Champaign IL;11;17019;11;;;
Coles IL;11;17029;11;;;
DeKalb IL;11;17037;11;;;
Jackson IL;11;17077;11;;;
McDonough IL;11;17109;11;;;
McLean IL;11;17113;11;;;
Sangamon IL;11;17167;11;;;
Delaware IN;11;18035;11;;;
Monroe IN;11;18105;11;;;
Tippecanoe IN;11;18157;11;;;
Johnson IA;11;19103;11;;;
Story IA;11;19169;11;;;
Crawford KS;11;20037;11;;;
Douglas KS;11;20045;11;;;
Ellis KS;11;20051;11;;;
Lyon KS;11;20111;11;;;
Riley KS;11;20161;11;;;
Shawnee KS;11;20177;11;;;
Calloway KY;11;21035;11;;;
Fayette KY;11;21067;11;;;
Franklin KY;11;21073;11;;;
Madison KY;11;21151;11;;;
Rowan KY;11;21205;11;;;
Warren KY;11;21227;11;;;
Cumberland ME;11;23005;11;;;
Somerset MD;11;24039;11;;;
Wicomico MD;11;24045;11;;;
Hampshire MA;11;25015;11;;;
Houghton MI;11;26061;11;;;
Ingham MI;11;26065;11;;;
Isabella MI;11;26073;11;;;
Kalamazoo MI;11;26077;11;;;
Mecosta MI;11;26107;11;;;
Washtenaw MI;11;26161;11;;;
Beltrami MN;11;27007;11;;;
Blue Earth MN;11;27013;11;;;
Clay MN;11;27027;11;;;
Nicollet MN;11;27103;11;;;
Rice MN;11;27131;11;;;
Stearns MN;11;27145;11;;;
Stevens MN;11;27149;11;;;
Winona MN;11;27169;11;;;
Lafayette MS;11;28071;11;;;
Oktibbeha MS;11;28105;11;;;
Adair MO;11;29001;11;;;
Boone MO;11;29019;11;;;
Cape Girardeau MO;11;29031;11;;;
Cole MO;11;29051;11;;;
Greene MO;11;29077;11;;;
Nodaway MO;11;29147;11;;;
Phelps MO;11;29161;11;;;
Beaverhead MT;11;30001;11;;;
Gallatin MT;11;30031;11;;;
Lewis and Clark MT;11;30049;11;;;
Missoula MT;11;30063;11;;;
Buffalo NE;11;31019;11;;;
Dawes NE;11;31045;11;;;
Lancaster NE;11;31109;11;;;
Wayne NE;11;31179;11;;;
Cheshire NH;11;33005;11;;;
Strafford NH;11;33017;11;;;
Albany NY;11;36001;11;;;
Dutchess NY;11;36027;11;;;
Rensselaer NY;11;36083;11;;;
Schenectady NY;11;36093;11;;;
Tompkins NY;11;36109;11;;;
Ulster NY;11;36111;11;;;
Buncombe NC;11;37021;11;;;
Jackson NC;11;37099;11;;;
New Hanover NC;11;37129;11;;;
Orange NC;11;37135;11;;;
Watauga NC;11;37189;11;;;
Burleigh ND;11;38015;11;;;
Cass ND;11;38017;11;;;
Grand Forks ND;11;38035;11;;;
Athens OH;11;39009;11;;;
Greene OH;11;39057;11;;;
Wood OH;11;39173;11;;;
Cherokee OK;11;40021;11;;;
Cleveland OK;11;40027;11;;;
Custer OK;11;40039;11;;;
Payne OK;11;40119;11;;;
Pontotoc OK;11;40123;11;;;
Woods OK;11;40151;11;;;
Benton OR;11;41003;11;;;
Jackson OR;11;41029;11;;;
Lane OR;11;41039;11;;;
Polk OR;11;41053;11;;;
Centre PA;11;42027;11;;;
Cumberland PA;11;42041;11;;;
Dauphin PA;11;42043;11;;;
Bristol RI;11;44001;11;;;
Newport RI;11;44005;11;;;
Washington RI;11;44009;11;;;
Pickens SC;11;45077;11;;;
Brookings SD;11;46011;11;;;
Clay SD;11;46027;11;;;
Knox TN;11;47093;11;;;
Putnam TN;11;47141;11;;;
Washington TN;11;47179;11;;;
Brazos TX;11;48041;11;;;
Erath TX;11;48143;11;;;
Lubbock TX;11;48303;11;;;
McLennan TX;11;48309;11;;;
Nacogdoches TX;11;48347;11;;;
Randall TX;11;48381;11;;;
Walker TX;11;48471;11;;;
Chittenden VT;11;50007;11;;;
Albemarle VA;11;51003;11;;;
Montgomery VA;11;51121;11;;;
Prince Edward VA;11;51147;11;;;
Charlottesville city VA;11;51540;11;;;
Fredericksburg city VA;11;51630;11;;;
Harrisonburg city VA;11;51660;11;;;
Lexington city VA;11;51678;11;;;
Lynchburg city VA;11;51680;11;;;
Radford city VA;11;51750;11;;;
Salem city VA;11;51775;11;;;
Staunton city VA;11;51790;11;;;
Williamsburg city VA;11;51830;11;;;
Winchester city VA;11;51840;11;;;
Kittitas WA;11;53037;11;;;
Spokane WA;11;53063;11;;;
Walla Walla WA;11;53071;11;;;
Whatcom WA;11;53073;11;;;
Whitman WA;11;53075;11;;;
Gilmer WV;11;54021;11;;;
Monongalia WV;11;54061;11;;;
Dane WI;11;55025;11;;;
Dunn WI;11;55033;11;;;
Eau Claire WI;11;55035;11;;;
La Crosse WI;11;55063;11;;;
Pierce WI;11;55093;11;;;
Portage WI;11;55097;11;;;
Albany WY;11;56001;11;;;
Bannock ID;12;16005;12;;;
Bear Lake ID;12;16007;12;;;
Bingham ID;12;16011;12;;;
Bonneville ID;12;16019;12;;;
Butte ID;12;16023;12;;;
Caribou ID;12;16029;12;;;
Franklin ID;12;16041;12;;;
Fremont ID;12;16043;12;;;
Jefferson ID;12;16051;12;;;
Madison ID;12;16065;12;;;
Oneida ID;12;16071;12;;;
Lincoln NV;12;32017;12;;;
Beaver UT;12;49001;12;;;
Box Elder UT;12;49003;12;;;
Cache UT;12;49005;12;;;
Carbon UT;12;49007;12;;;
Daggett UT;12;49009;12;;;
Davis UT;12;49011;12;;;
Duchesne UT;12;49013;12;;;
Emery UT;12;49015;12;;;
Garfield UT;12;49017;12;;;
Iron UT;12;49021;12;;;
Juab UT;12;49023;12;;;
Kane UT;12;49025;12;;;
Millard UT;12;49027;12;;;
Morgan UT;12;49029;12;;;
Piute UT;12;49031;12;;;
Rich UT;12;49033;12;;;
Salt Lake UT;12;49035;12;;;
Sanpete UT;12;49039;12;;;
Sevier UT;12;49041;12;;;
Tooele UT;12;49045;12;;;
Uintah UT;12;49047;12;;;
Utah UT;12;49049;12;;;
Wasatch UT;12;49051;12;;;
Washington UT;12;49053;12;;;
Wayne UT;12;49055;12;;;
Weber UT;12;49057;12;;;
Big Horn WY;12;56003;12;;;
Lincoln WY;12;56023;12;;;
Uinta WY;12;56041;12;;;
Audubon IA;13;19009;13;;;
Calhoun IA;13;19025;13;;;
Cherokee IA;13;19035;13;;;
Davis IA;13;19051;13;;;
Kossuth IA;13;19109;13;;;
Ringgold IA;13;19159;13;;;
Sac IA;13;19161;13;;;
Cheyenne KS;13;20023;13;;;
Comanche KS;13;20033;13;;;
Decatur KS;13;20039;13;;;
Gove KS;13;20063;13;;;
Graham KS;13;20065;13;;;
Hodgeman KS;13;20083;13;;;
Jewell KS;13;20089;13;;;
Lane KS;13;20101;13;;;
Logan KS;13;20109;13;;;
Ness KS;13;20135;13;;;
Osborne KS;13;20141;13;;;
Phillips KS;13;20147;13;;;
Rawlins KS;13;20153;13;;;
Republic KS;13;20157;13;;;
Rush KS;13;20165;13;;;
Russell KS;13;20167;13;;;
Scott KS;13;20171;13;;;
Sheridan KS;13;20179;13;;;
Smith KS;13;20183;13;;;
Stafford KS;13;20185;13;;;
Trego KS;13;20195;13;;;
Wallace KS;13;20199;13;;;
Washington KS;13;20201;13;;;
Robertson KY;13;21201;13;;;
Big Stone MN;13;27011;13;;;
Kittson MN;13;27069;13;;;
Lac qui Parle MN;13;27073;13;;;
Lincoln MN;13;27081;13;;;
Norman MN;13;27107;13;;;
Swift MN;13;27151;13;;;
Traverse MN;13;27155;13;;;
Atchison MO;13;29005;13;;;
Chariton MO;13;29041;13;;;
Holt MO;13;29087;13;;;
Knox MO;13;29103;13;;;
Mercer MO;13;29129;13;;;
Worth MO;13;29227;13;;;
Carter MT;13;30011;13;;;
Daniels MT;13;30019;13;;;
Fallon MT;13;30025;13;;;
Garfield MT;13;30033;13;;;
Judith Basin MT;13;30045;13;;;
Liberty MT;13;30051;13;;;
McCone MT;13;30055;13;;;
Petroleum MT;13;30069;13;;;
Phillips MT;13;30071;13;;;
Powder River MT;13;30075;13;;;
Prairie MT;13;30079;13;;;
Sheridan MT;13;30091;13;;;
Treasure MT;13;30103;13;;;
Wheatland MT;13;30107;13;;;
Wibaux MT;13;30109;13;;;
Arthur NE;13;31005;13;;;
Banner NE;13;31007;13;;;
Blaine NE;13;31009;13;;;
Boyd NE;13;31015;13;;;
Brown NE;13;31017;13;;;
Burt NE;13;31021;13;;;
Chase NE;13;31029;13;;;
Deuel NE;13;31049;13;;;
Dundy NE;13;31057;13;;;
Franklin NE;13;31061;13;;;
Frontier NE;13;31063;13;;;
Furnas NE;13;31065;13;;;
Garden NE;13;31069;13;;;
Garfield NE;13;31071;13;;;
Grant NE;13;31075;13;;;
Greeley NE;13;31077;13;;;
Harlan NE;13;31083;13;;;
Hayes NE;13;31085;13;;;
Hooker NE;13;31091;13;;;
Jefferson NE;13;31095;13;;;
Keith NE;13;31101;13;;;
Keya Paha NE;13;31103;13;;;
Knox NE;13;31107;13;;;
Logan NE;13;31113;13;;;
Loup NE;13;31115;13;;;
McPherson NE;13;31117;13;;;
Nance NE;13;31125;13;;;
Nuckolls NE;13;31129;13;;;
Pawnee NE;13;31133;13;;;
Rock NE;13;31149;13;;;
Sheridan NE;13;31161;13;;;
Sherman NE;13;31163;13;;;
Sioux NE;13;31165;13;;;
Thayer NE;13;31169;13;;;
Thomas NE;13;31171;13;;;
Valley NE;13;31175;13;;;
Webster NE;13;31181;13;;;
Wheeler NE;13;31183;13;;;
Eureka NV;13;32011;13;;;
Adams ND;13;38001;13;;;
Billings ND;13;38007;13;;;
Bottineau ND;13;38009;13;;;
Bowman ND;13;38011;13;;;
Burke ND;13;38013;13;;;
Cavalier ND;13;38019;13;;;
Divide ND;13;38023;13;;;
Dunn ND;13;38025;13;;;
Eddy ND;13;38027;13;;;
Emmons ND;13;38029;13;;;
Foster ND;13;38031;13;;;
Golden Valley ND;13;38033;13;;;
Grant ND;13;38037;13;;;
Griggs ND;13;38039;13;;;
Hettinger ND;13;38041;13;;;
Kidder ND;13;38043;13;;;
LaMoure ND;13;38045;13;;;
Logan ND;13;38047;13;;;
McHenry ND;13;38049;13;;;
McIntosh ND;13;38051;13;;;
McLean ND;13;38055;13;;;
Nelson ND;13;38063;13;;;
Pierce ND;13;38069;13;;;
Ransom ND;13;38073;13;;;
Renville ND;13;38075;13;;;
Sargent ND;13;38081;13;;;
Sheridan ND;13;38083;13;;;
Slope ND;13;38087;13;;;
Steele ND;13;38091;13;;;
Towner ND;13;38095;13;;;
Walsh ND;13;38099;13;;;
Wells ND;13;38103;13;;;
Alfalfa OK;13;40003;13;;;
Grant OK;13;40053;13;;;
Campbell SD;13;46021;13;;;
Clark SD;13;46025;13;;;
Day SD;13;46037;13;;;
Douglas SD;13;46043;13;;;
Faulk SD;13;46049;13;;;
Gregory SD;13;46053;13;;;
Haakon SD;13;46055;13;;;
Hand SD;13;46059;13;;;
Harding SD;13;46063;13;;;
Hutchinson SD;13;46067;13;;;
Hyde SD;13;46069;13;;;
Jerauld SD;13;46073;13;;;
Jones SD;13;46075;13;;;
Kingsbury SD;13;46077;13;;;
McPherson SD;13;46089;13;;;
Marshall SD;13;46091;13;;;
Miner SD;13;46097;13;;;
Perkins SD;13;46105;13;;;
Potter SD;13;46107;13;;;
Spink SD;13;46115;13;;;
Walworth SD;13;46129;13;;;
Borden TX;13;48033;13;;;
Comanche TX;13;48093;13;;;
Glasscock TX;13;48173;13;;;
Irion TX;13;48235;13;;;
King TX;13;48269;13;;;
Mason TX;13;48319;13;;;
Stonewall TX;13;48433;13;;;
Garfield WA;13;53023;13;;;
Maricopa AZ;14;04013;14;;;
Alameda CA;14;06001;14;;;
Los Angeles CA;14;06037;14;;;
Sacramento CA;14;06067;14;;;
San Diego CA;14;06073;14;;;
San Francisco CA;14;06075;14;;;
Santa Clara CA;14;06085;14;;;
Denver CO;14;08031;14;;;
District of Columbia DC;14;11001;14;;;
Duval FL;14;12031;14;;;
Miami-Dade FL;14;12086;14;;;
Fulton GA;14;13121;14;;;
Cook IL;14;17031;14;;;
Marion IN;14;18097;14;;;
Sedgwick KS;14;20173;14;;;
Jefferson KY;14;21111;14;;;
Baltimore city MD;14;24510;14;;;
Suffolk MA;14;25025;14;;;
Wayne MI;14;26163;14;;;
Hennepin MN;14;27053;14;;;
Ramsey MN;14;27123;14;;;
Jackson MO;14;29095;14;;;
St. Louis city MO;14;29510;14;;;
Douglas NE;14;31055;14;;;
Clark NV;14;32003;14;;;
Bernalillo NM;14;35001;14;;;
Bronx NY;14;36005;14;;;
Kings NY;14;36047;14;;;
New York NY;14;36061;14;;;
Queens NY;14;36081;14;;;
Richmond NY;14;36085;14;;;
Mecklenburg NC;14;37119;14;;;
Wake NC;14;37183;14;;;
Cuyahoga OH;14;39035;14;;;
Franklin OH;14;39049;14;;;
Oklahoma OK;14;40109;14;;;
Tulsa OK;14;40143;14;;;
Multnomah OR;14;41051;14;;;
Philadelphia PA;14;42101;14;;;
Davidson TN;14;47037;14;;;
Bexar TX;14;48029;14;;;
Dallas TX;14;48113;14;;;
Harris TX;14;48201;14;;;
Tarrant TX;14;48439;14;;;
Travis TX;14;48453;14;;;
King WA;14;53033;14;;;
Milwaukee WI;14;55079;14;;;
Windham CT;15;09015;15;;;
Madison IL;15;17119;15;;;
Peoria IL;15;17143;15;;;
Rock Island IL;15;17161;15;;;
Winnebago IL;15;17201;15;;;
Clark IN;15;18019;15;;;
Floyd IN;15;18043;15;;;
Howard IN;15;18067;15;;;
Lake IN;15;18089;15;;;
Madison IN;15;18095;15;;;
Porter IN;15;18127;15;;;
St. Joseph IN;15;18141;15;;;
Vanderburgh IN;15;18163;15;;;
Vigo IN;15;18167;15;;;
Black Hawk IA;15;19013;15;;;
Linn IA;15;19113;15;;;
Scott IA;15;19163;15;;;
Campbell KY;15;21037;15;;;
Kenton KY;15;21117;15;;;
Jefferson Parish LA;15;22051;15;;;
Androscoggin ME;15;23001;15;;;
Washington MD;15;24043;15;;;
Genesee MI;15;26049;15;;;
Jackson MI;15;26075;15;;;
Livingston MI;15;26093;15;;;
Macomb MI;15;26099;15;;;
Monroe MI;15;26115;15;;;
Saginaw MI;15;26145;15;;;
Buchanan MO;15;29021;15;;;
Ocean NJ;15;34029;15;;;
Broome NY;15;36007;15;;;
Chemung NY;15;36015;15;;;
Alamance NC;15;37001;15;;;
Allen OH;15;39003;15;;;
Butler OH;15;39017;15;;;
Clark OH;15;39023;15;;;
Clermont OH;15;39025;15;;;
Fairfield OH;15;39045;15;;;
Geauga OH;15;39055;15;;;
Lake OH;15;39085;15;;;
Licking OH;15;39089;15;;;
Lorain OH;15;39093;15;;;
Mahoning OH;15;39099;15;;;
Medina OH;15;39103;15;;;
Miami OH;15;39109;15;;;
Portage OH;15;39133;15;;;
Richland OH;15;39139;15;;;
Stark OH;15;39151;15;;;
Summit OH;15;39153;15;;;
Trumbull OH;15;39155;15;;;
Beaver PA;15;42007;15;;;
Berks PA;15;42011;15;;;
Blair PA;15;42013;15;;;
Butler PA;15;42019;15;;;
Lackawanna PA;15;42069;15;;;
Lancaster PA;15;42071;15;;;
Lawrence PA;15;42073;15;;;
Lebanon PA;15;42075;15;;;
Lehigh PA;15;42077;15;;;
Luzerne PA;15;42079;15;;;
Northampton PA;15;42095;15;;;
Washington PA;15;42125;15;;;
Westmoreland PA;15;42129;15;;;
York PA;15;42133;15;;;
Kent RI;15;44003;15;;;
Brooke WV;15;54009;15;;;
Cabell WV;15;54011;15;;;
Hancock WV;15;54029;15;;;
Ohio WV;15;54069;15;;;
Wood WV;15;54107;15;;;
Brown WI;15;55009;15;;;
Kenosha WI;15;55059;15;;;
Outagamie WI;15;55087;15;;;
Racine WI;15;55101;15;;;
Rock WI;15;55105;15;;;
Washington WI;15;55131;15;;;
Winnebago WI;15;55139;15;;;
;;;;;;
;;;;;;
;;;;;;
;;;;;;
;;;;;;
;;;;;;
;;;;;;
;;;;;;
;;;;;;
;;;;;;
;;;;;;
;;;;;;
;;;;;;
;;;;;;